id,ltable_id,rtable_id,ltable_playerName,rtable_playerName,ltable_pointsPerGame,rtable_pointsPerGame
1,1,1,Luka Dončić,Luka Doncic,33.86,33.9
2,2,3,Shai Gilgeous-Alexander,Shai Gilgeous-Alexander,30.05,30.1
3,3,2,Giannis Antetokounmpo,Giannis Antetokounmpo,30.44,30.4
4,4,4,Jalen Brunson,Jalen Brunson,28.73,28.7
5,5,10,Nikola Jokić,Nikola Jokic,26.39,26.4
6,6,12,Anthony Edwards,Anthony Edwards,25.94,25.9
7,7,5,Kevin Durant,Kevin Durant,27.09,27.1
8,8,7,Jayson Tatum,Jayson Tatum,26.85,26.9
9,9,8,De'Aaron Fox,De'Aaron Fox,26.57,26.6
10,10,9,Stephen Curry,Stephen Curry,26.43,26.4
11,11,17,DeMar DeRozan,DeMar DeRozan,24.01,24.0
12,12,15,Anthony Davis,Anthony Davis,24.68,24.7
13,13,6,Devin Booker,Devin Booker,27.07,27.1
14,14,13,LeBron James,LeBron James,25.66,25.7
15,15,11,Tyrese Maxey,Tyrese Maxey,25.94,25.9
16,16,23,Paolo Banchero,Paolo Banchero,22.55,22.6
17,17,16,Damian Lillard,Damian Lillard,24.32,24.3
18,18,25,Dejounte Murray,Dejounte Murray,22.47,22.5
19,22,22,Paul George,Paul George,22.58,22.6
20,23,18,Kawhi Leonard,Kawhi Leonard,23.72,23.7
21,24,19,Jaylen Brown,Jaylen Brown,23.0,23.0
22,25,42,Jalen Green,Jalen Green,19.63,19.6
23,26,43,Mikal Bridges,Mikal Bridges,19.59,19.6
24,27,20,Zion Williamson,Zion Williamson,22.87,22.9
25,28,45,Domantas Sabonis,Domantas Sabonis,19.43,19.4
26,29,27,Kyle Kuzma,Kyle Kuzma,22.19,22.2
27,30,30,Victor Wembanyama,Victor Wembanyama,21.44,21.4
28,31,47,Coby White,Coby White,19.1,19.1
29,32,14,Kyrie Irving,Kyrie Irving,25.64,25.6
30,33,24,Jaren Jackson Jr.,Jaren Jackson Jr.,22.52,22.5
31,34,26,Cam Thomas,Cam Thomas,22.45,22.5
32,35,242,Donovan Mitchell,Donovan Mitchell,26.6,26.6
33,36,49,Collin Sexton,Collin Sexton,18.69,18.7
34,37,33,Miles Bridges,Miles Bridges,21.0,21.0
35,38,41,Franz Wagner,Franz Wagner,19.74,19.7
36,39,21,Cade Cunningham,Cade Cunningham,22.66,22.7
37,40,37,Tyrese Haliburton,Tyrese Haliburton,20.13,20.1
38,41,243,Trae Young,Trae Young,25.72,25.7
39,42,52,Klay Thompson,Klay Thompson,17.86,17.9
40,43,50,Nikola Vučević,Nikola Vucevic,18.03,18.0
41,44,51,D'Angelo Russell,D'Angelo Russell,18.01,18.0
42,45,46,Bam Adebayo,Bam Adebayo,19.25,19.3
43,46,62,Chet Holmgren,Chet Holmgren,16.55,16.5
44,47,54,Jordan Poole,Jordan Poole,17.38,17.4
45,48,60,Michael Porter Jr.,Michael Porter Jr.,16.74,16.7
46,49,48,Jalen Williams,Jalen Williams,19.08,19.1
47,50,241,Joel Embiid,Joel Embiid,34.69,34.7
48,51,28,Karl-Anthony Towns,Karl-Anthony Towns,21.76,21.8
49,52,59,Bogdan Bogdanović,Bogdan Bogdanovic,16.87,16.9
50,53,34,Brandon Ingram,Brandon Ingram,20.81,20.8
51,54,32,Alperen Şengün,Alperen Sengun,21.13,21.1
52,55,44,Devin Vassell,Devin Vassell,19.46,19.5
53,56,38,CJ McCollum,CJ McCollum,20.03,20.0
54,57,57,Myles Turner,Myles Turner,17.05,17.1
55,58,65,Austin Reaves,Austin Reaves,15.85,15.9
56,59,55,Brandon Miller,Brandon Miller,17.28,17.3
57,60,248,Lauri Markkanen,Lauri Markkanen,23.24,23.2
58,61,63,Jarrett Allen,Jarrett Allen,16.51,16.5
59,62,53,Fred VanVleet,Fred VanVleet,17.4,17.4
60,63,67,Donte DiVincenzo,Donte DiVincenzo,15.54,15.5
61,64,31,Jamal Murray,Jamal Murray,21.19,21.2
62,65,35,Jimmy Butler,Jimmy Butler III,20.77,20.8
63,69,56,Tobias Harris,Tobias Harris,17.2,17.2
64,70,61,James Harden,James Harden,16.56,16.6
65,71,39,Scottie Barnes,Scottie Barnes,19.85,19.9
66,72,64,Jonathan Kuminga,Jonathan Kuminga,16.05,16.1
67,73,70,Jaden Ivey,Jaden Ivey,15.39,15.4
68,74,71,Keegan Murray,Keegan Murray,15.22,15.2
69,81,252,Kristaps Porziņģis,Kristaps Porzingis,20.09,20.1
70,82,76,Tim Hardaway Jr.,Tim Hardaway Jr.,14.42,14.4
71,83,250,Jerami Grant,Jerami Grant,20.96,21.0
72,84,84,Bobby Portis,Bobby Portis,13.78,13.8
73,88,69,Malik Monk,Malik Monk,15.42,15.4
74,89,72,Derrick White,Derrick White,15.16,15.2
75,90,74,Deni Avdija,Deni Avdija,14.69,14.7
76,91,245,Julius Randle,Julius Randle,23.96,24.0
77,92,90,Naz Reid,Naz Reid,13.46,13.5
78,93,66,Keldon Johnson,Keldon Johnson,15.71,15.7
79,94,92,Corey Kispert,Corey Kispert,13.38,13.4
80,95,80,Rudy Gobert,Rudy Gobert,13.96,14.0
81,96,81,Norman Powell,Norman Powell,13.89,13.9
82,97,68,Kelly Oubre Jr.,Kelly Oubre Jr.,15.43,15.4
83,98,85,Jabari Smith Jr.,Jabari Smith Jr.,13.74,13.7
84,99,249,Anfernee Simons,Anfernee Simons,22.59,22.6
85,100,255,Darius Garland,Darius Garland,18.04,18.0
86,101,73,John Collins,John Collins,15.1,15.1
87,102,89,Grayson Allen,Grayson Allen,13.52,13.5
88,103,82,Aaron Gordon,Aaron Gordon,13.88,13.9
89,107,102,Jonas Valančiūnas,Jonas Valanciunas,12.22,12.2
90,108,103,Harrison Barnes,Harrison Barnes,12.2,12.2
91,109,247,Desmond Bane,Desmond Bane,23.74,23.7
92,110,99,Brook Lopez,Brook Lopez,12.53,12.5
93,111,101,Josh Giddey,Josh Giddey,12.32,12.3
94,112,94,Keyonte George,Keyonte George,12.99,13.0
95,113,86,Gary Trent Jr.,Gary Trent Jr.,13.72,13.7
96,114,254,Bradley Beal,Bradley Beal,18.19,18.2
97,115,78,Caris LeVert,Caris LeVert,14.0,14.0
98,116,98,Jalen Suggs,Jalen Suggs,12.57,12.6
99,117,256,Jordan Clarkson,Jordan Clarkson,17.13,17.1
100,118,93,Andrew Wiggins,Andrew Wiggins,13.23,13.2
101,122,113,Cole Anthony,Cole Anthony,11.57,11.6
102,123,106,Ayo Dosunmu,Ayo Dosunmu,12.16,12.2
103,124,88,Rui Hachimura,Rui Hachimura,13.57,13.6
104,125,257,Deandre Ayton,Deandre Ayton,16.73,16.7
105,126,97,Dillon Brooks,Dillon Brooks,12.71,12.7
106,127,258,Jalen Johnson,Jalen Johnson,16.0,16.0
107,128,262,De'Andre Hunter,De'Andre Hunter,15.63,15.6
108,129,116,Malik Beasley,Malik Beasley,11.25,11.3
109,130,109,Jaime Jaquez Jr.,Jaime Jaquez Jr.,11.85,11.9
110,131,105,Aaron Nesmith,Aaron Nesmith,12.18,12.2
111,132,251,Tyler Herro,Tyler Herro,20.83,20.8
112,133,95,Duncan Robinson,Duncan Robinson,12.87,12.9
113,134,115,Mike Conley,Mike Conley,11.43,11.4
114,135,79,Scoot Henderson,Scoot Henderson,14.0,14.0
115,136,124,Moritz Wagner,Moritz Wagner,10.85,10.9
116,140,87,Saddiq Bey,Saddiq Bey,13.7,13.7
117,141,112,Jeremy Sochan,Jeremy Sochan,11.64,11.6
118,142,123,Luguentz Dort,Luguentz Dort,10.89,10.9
119,143,100,Jrue Holiday,Jrue Holiday,12.46,12.5
120,144,75,Bennedict Mathurin,Bennedict Mathurin,14.51,14.5
121,145,104,Max Strus,Max Strus,12.19,12.2
122,146,132,Obi Toppin,Obi Toppin,10.28,10.3
123,147,265,Trey Murphy III,Trey Murphy III,14.77,14.8
124,148,110,Nic Claxton,Nic Claxton,11.85,11.8
125,149,83,Jalen Duren,Jalen Duren,13.79,13.8
126,150,120,Herbert Jones,Herbert Jones,11.01,11.0
127,151,114,Clint Capela,Clint Capela,11.45,11.5
128,152,135,Reggie Jackson,Reggie Jackson,10.16,10.2
129,153,122,Jusuf Nurkić,Jusuf Nurkic,10.91,10.9
130,154,264,Khris Middleton,Khris Middleton,15.05,15.1
131,161,111,Ivica Zubac,Ivica Zubac,11.68,11.7
132,162,108,Tyus Jones,Tyus Jones,11.97,12.0
133,163,144,Payton Pritchard,Payton Pritchard,9.6,9.6
134,164,261,Evan Mobley,Evan Mobley,15.7,15.7
135,168,117,Zach Collins,Zach Collins,11.25,11.2
136,169,91,Cameron Johnson,Cameron Johnson,13.38,13.4
137,170,138,Tre Jones,Tre Jones,10.01,10.0
138,171,148,Georges Niang,Georges Niang,9.37,9.4
139,172,136,Kentavious Caldwell-Pope,Kentavious Caldwell-Pope,10.08,10.1
140,176,146,Josh Hart,Josh Hart,9.4,9.4
141,177,127,Jaden McDaniels,Jaden McDaniels,10.51,10.5
142,178,118,Russell Westbrook,Russell Westbrook,11.09,11.1
143,179,119,Eric Gordon,Eric Gordon,11.01,11.0
144,183,133,T.J. McConnell,T.J. McConnell,10.24,10.2
145,187,137,Alex Caruso,Alex Caruso,10.07,10.1
146,188,154,Sam Hauser,Sam Hauser,9.01,9.0
147,189,267,GG Jackson II,GG Jackson,14.56,14.6
148,190,155,Taurean Prince,Taurean Prince,8.94,8.9
149,194,151,Malaki Branham,Malaki Branham,9.2,9.2
150,198,149,Brandin Podziemski,Brandin Podziemski,9.22,9.2
151,199,164,Andre Drummond,Andre Drummond,8.39,8.4
152,200,158,Terance Mann,Terance Mann,8.77,8.8
153,201,160,Derrick Jones Jr.,Derrick Jones Jr.,8.64,8.6
154,202,172,Nickeil Alexander-Walker,Nickeil Alexander-Walker,7.99,8.0
155,203,134,Kevin Huerter,Kevin Huerter,10.23,10.2
156,204,126,Santi Aldama,Santi Aldama,10.72,10.7
157,205,143,Nick Richards,Nick Richards,9.73,9.7
158,206,147,Isaac Okoro,Isaac Okoro,9.38,9.4
159,207,139,Caleb Martin,Caleb Martin,10.0,10.0
160,208,156,Jabari Walker,Jabari Walker,8.86,8.9
161,209,167,Isaiah Joe,Isaiah Joe,8.15,8.2
162,210,150,Andrew Nembhard,Andrew Nembhard,9.21,9.2
163,211,153,Duop Reath,Duop Reath,9.07,9.1
164,212,260,Malcolm Brogdon,Malcolm Brogdon,15.72,15.7
165,216,278,Wendell Carter Jr.,Wendell Carter Jr.,10.96,11.0
166,217,140,Jalen Smith,Jalen Smith,9.85,9.9
167,218,182,Christian Braun,Christian Braun,7.32,7.3
168,219,181,Paul Reed,Paul Reed,7.32,7.3
169,220,145,Amen Thompson,Amen Thompson,9.55,9.5
170,221,166,Marcus Sasser,Marcus Sasser,8.25,8.3
171,225,176,Isaiah Hartenstein,Isaiah Hartenstein,7.76,7.8
172,226,161,Dorian Finney-Smith,Dorian Finney-Smith,8.53,8.5
173,227,271,Cam Whitmore,Cam Whitmore,12.32,12.3
174,231,142,Lonnie Walker IV,Lonnie Walker IV,9.74,9.7
175,235,159,Al Horford,Al Horford,8.65,8.6
176,236,165,Miles McBride,Miles McBride,8.26,8.3
177,237,282,Onyeka Okongwu,Onyeka Okongwu,10.2,10.2
178,238,190,Cason Wallace,Cason Wallace,6.84,6.8
179,242,157,Ausar Thompson,Ausar Thompson,8.83,8.8
180,243,275,Jakob Poeltl,Jakob Poeltl,11.1,11.1
181,244,188,Aaron Wiggins,Aaron Wiggins,6.95,6.9
182,245,174,Trayce Jackson-Davis,Trayce Jackson-Davis,7.94,7.9
183,246,170,Moses Moody,Moses Moody,8.08,8.1
184,247,152,Chris Paul,Chris Paul,9.19,9.2
185,248,163,Bilal Coulibaly,Bilal Coulibaly,8.44,8.4
186,249,195,Peyton Watson,Peyton Watson,6.65,6.7
187,250,183,Jaden Hardy,Jaden Hardy,7.26,7.3
188,251,179,Toumani Camara,Toumani Camara,7.53,7.5
189,252,246,LaMelo Ball,LaMelo Ball,23.91,23.9
190,253,175,Jordan Hawkins,Jordan Hawkins,7.82,7.8
191,254,284,Vince Williams Jr.,Vince Williams Jr.,10.02,10.0
192,255,169,Walker Kessler,Walker Kessler,8.09,8.1
193,256,283,Talen Horton-Tucker,Talen Horton-Tucker,10.12,10.1
194,257,171,Dario Šarić,Dario Saric,8.05,8.0
195,258,197,Aaron Holiday,Aaron Holiday,6.59,6.6
196,259,162,Gradey Dick,Gradey Dick,8.5,8.5
197,260,259,Shaedon Sharpe,Shaedon Sharpe,15.94,15.9
198,261,199,Jeff Green,Jeff Green,6.53,6.5
199,262,200,Kyle Anderson,Kyle Anderson,6.41,6.4
200,263,191,Julian Champagnie,Julian Champagnie,6.81,6.8
201,264,279,Isaiah Stewart,Isaiah Stewart,10.93,10.9
202,268,193,Cedi Osman,Cedi Osman,6.79,6.8
203,269,253,Zach LaVine,Zach LaVine,19.48,19.5
204,273,290,Kevin Love,Kevin Love,8.82,8.8
205,274,173,Sam Merrill,Sam Merrill,7.95,8.0
206,275,291,Dereck Lively II,Dereck Lively II,8.78,8.8
207,276,292,Draymond Green,Draymond Green,8.64,8.6
208,277,295,Josh Green,Josh Green,8.23,8.2
209,278,186,Naji Marshall,Naji Marshall,7.06,7.1
210,279,196,Amir Coffey,Amir Coffey,6.61,6.6
211,286,185,James Wiseman,James Wiseman,7.08,7.1
212,287,189,Trendon Watford,Trendon Watford,6.86,6.9
213,288,277,Luke Kennard,Luke Kennard,11.0,11.0
214,289,285,Patrick Williams,Patrick Williams,9.98,10.0
215,290,209,Pat Connaughton,Pat Connaughton,5.63,5.6
216,291,298,Dante Exum,Dante Exum,7.78,7.8
217,292,286,Josh Richardson,Josh Richardson,9.88,9.9
218,299,276,De'Anthony Melton,De'Anthony Melton,11.08,11.1
219,300,294,Ziaire Williams,Ziaire Williams,8.24,8.2
220,301,184,Trey Lyles,Trey Lyles,7.22,7.2
221,302,192,Day'Ron Sharpe,Day'Ron Sharpe,6.8,6.8
222,303,204,Haywood Highsmith,Haywood Highsmith,6.14,6.1
223,304,308,Jose Alvarado,Jose Alvarado,7.09,7.1
224,305,194,Jonathan Isaac,Jonathan Isaac,6.78,6.8
225,306,201,Isaiah Jackson,Isaiah Jackson,6.49,6.4
226,314,218,Drew Eubanks,Drew Eubanks,5.05,5.1
227,315,280,Jake LaRavia,Jake LaRavia,10.83,10.8
228,316,216,Davion Mitchell,Davion Mitchell,5.26,5.3
229,317,205,Kris Murray,Kris Murray,6.06,6.1
230,320,202,Daniel Theis,Daniel Theis,6.34,6.3
231,321,314,Gary Harris,Gary Harris,6.89,6.9
232,322,322,Dennis Smith Jr.,Dennis Smith Jr.,6.59,6.6
233,332,220,Jevon Carter,Jevon Carter,4.96,5.0
234,333,213,Kris Dunn,Kris Dunn,5.41,5.4
235,334,207,Dyson Daniels,Dyson Daniels,5.8,5.8
236,335,212,Matisse Thybulle,Matisse Thybulle,5.45,5.4
237,336,300,Nikola Jović,Nikola Jovic,7.65,7.7
238,340,208,Larry Nance Jr.,Larry Nance Jr.,5.74,5.7
239,341,312,Christian Wood,Christian Wood,6.94,6.9
240,342,297,Markelle Fultz,Markelle Fultz,7.79,7.8
241,343,215,Luke Kornet,Luke Kornet,5.3,5.3
242,344,225,Kevon Looney,Kevon Looney,4.51,4.5
243,348,307,Landry Shamet,Landry Shamet,7.11,7.1
244,349,221,Garrison Mathews,Garrison Mathews,4.92,4.9
245,350,222,Kenrich Williams,Kenrich Williams,4.71,4.7
246,351,327,Chris Boucher,Chris Boucher,6.44,6.4
247,354,214,Nicolas Batum,Nicolas Batum,5.47,5.3
248,355,224,Anthony Black,Anthony Black,4.58,4.6
249,359,330,Jae Crowder,Jae Crowder,6.24,6.2
250,360,219,Goga Bitadze,Goga Bitadze,5.02,5.0
251,361,348,Keon Ellis,Keon Ellis,5.44,5.4
252,362,340,Torrey Craig,Torrey Craig,5.72,5.7
253,363,228,Jaxson Hayes,Jaxson Hayes,4.33,4.3
254,364,217,Bryce McGowens,Bryce McGowens,5.12,5.1
255,365,338,Nick Smith Jr.,Nick Smith Jr.,5.92,5.9
256,366,227,Joe Ingles,Joe Ingles,4.35,4.4
257,367,303,Taylor Hendricks,Taylor Hendricks,7.3,7.3
258,368,352,Dean Wade,Dean Wade,5.39,5.4
259,372,315,Killian Hayes,Killian Hayes,6.88,6.9
260,373,268,Marcus Smart,Marcus Smart,14.45,14.5
261,374,343,Craig Porter Jr.,Craig Porter Jr.,5.59,5.6
262,375,230,Max Christie,Max Christie,4.24,4.2
263,379,329,Bruno Fernando,Bruno Fernando,6.27,6.3
264,384,223,Josh Okogie,Josh Okogie,4.62,4.6
265,385,234,Jaylin Williams,Jaylin Williams,4.0,4.0
266,386,370,Jock Landale,Jock Landale,4.89,4.9
267,390,269,Scotty Pippen Jr.,Scotty Pippen Jr.,12.9,12.9
268,391,226,Blake Wesley,Blake Wesley,4.39,4.4
269,392,232,Jae'Sean Tate,Jae'Sean Tate,4.08,4.1
270,393,350,Cam Reddish,Cam Reddish,5.42,5.4
271,394,313,Bones Hyland,Bones Hyland,6.92,6.9
272,395,383,Mo Bamba,Mo Bamba,4.44,4.4
273,396,229,Caleb Houstan,Caleb Houstan,4.29,4.3
274,397,380,A.J. Green,AJ Green,4.5,4.5
275,398,386,Ben Sheppard,Ben Sheppard,4.42,4.4
276,399,328,Jared Butler,Jared Butler,6.28,6.3
277,403,355,Mason Plumlee,Mason Plumlee,5.3,5.3
278,404,270,Mark Williams,Mark Williams,12.74,12.7
279,405,302,Brice Sensabaugh,Brice Sensabaugh,7.53,7.5
280,406,347,Gary Payton II,Gary Payton II,5.45,5.5
281,407,394,John Konchar,John Konchar,4.27,4.3
282,408,233,Justin Holiday,Justin Holiday,4.03,4.0
283,409,235,Chris Duarte,Chris Duarte,3.9,3.9
284,410,377,Julian Strawther,Julian Strawther,4.54,4.5
285,411,244,Ja Morant,Ja Morant,25.11,25.1
286,415,353,Sasha Vezenkov,Sasha Vezenkov,5.36,5.4
287,418,236,KJ Martin,KJ Martin,3.69,3.7
288,419,360,Bol Bol,Bol Bol,5.19,5.2
289,420,305,Kevin Knox,Kevin Knox II,7.19,7.2
290,421,375,Omer Yurtseven,Omer Yurtseven,4.62,4.6
291,424,316,Evan Fournier,Evan Fournier,7.17,6.9
292,425,342,Thomas Bryant,Thomas Bryant,5.71,5.7
293,430,288,Tari Eason,Tari Eason,9.77,9.8
294,431,365,Jalen Wilson,Jalen Wilson,4.98,5.0
295,432,388,MarJon Beauchamp,MarJon Beauchamp,4.4,4.4
296,433,301,Cody Martin,Cody Martin,7.54,7.5
297,437,237,Dwight Powell,Dwight Powell,3.3,3.3
298,438,372,Eugene Omoruyi,Eugene Omoruyi,4.81,4.8
299,439,421,Oshae Brissett,Oshae Brissett,3.65,3.7
300,440,239,JT Thor,JT Thor,3.16,3.2
301,447,427,Jordan McLaughlin,Jordan McLaughlin,3.48,3.5
302,448,382,Maxi Kleber,Maxi Kleber,4.44,4.4
303,449,296,Derrick Rose,Derrick Rose,7.96,8.0
304,450,400,Sandro Mamukelashvili,Sandro Mamukelashvili,4.13,4.1
305,451,415,Anthony Gill,Anthony Gill,3.78,3.8
306,452,238,Zeke Nnaji,Zeke Nnaji,3.21,3.2
307,453,404,JaVale McGee,JaVale McGee,4.02,4.0
308,454,240,Dalen Terry,Dalen Terry,3.05,3.1
309,455,401,Luka Šamanić,Luka Samanic,4.12,4.1
310,459,351,Ricky Council IV,Ricky Council IV,5.41,5.4
311,461,396,Jacob Gilyard,Jacob Gilyard,4.68,4.2
312,463,344,Mitchell Robinson,Mitchell Robinson,5.58,5.6
313,466,318,Trey Jemison,Trey Jemison III,7.43,6.8
314,467,435,Jalen McDaniels,Jalen McDaniels,3.38,3.4
315,468,387,Patrick Baldwin Jr.,Patrick Baldwin Jr.,4.42,4.4
316,469,358,Brandon Boston Jr.,Brandon Boston,5.22,5.2
317,470,384,Lester Quiñones,Lester Quinones,4.43,4.4
318,477,412,Svi Mykhailiuk,Svi Mykhailiuk,3.95,4.0
319,478,441,Tristan Thompson,Tristan Thompson,3.29,3.3
320,483,409,Rayan Rupert,Rayan Rupert,3.97,4.0
321,487,346,Neemias Queta,Neemias Queta,5.5,5.5
322,488,311,Javon Freeman-Liberty,Javon Freeman-Liberty,6.95,7.0
323,489,452,Johnny Davis,Johnny Davis,3.04,3.0
324,490,436,Nassir Little,Nassir Little,3.38,3.4
325,491,349,Matt Ryan,Matt Ryan,5.43,5.4
326,492,361,Jarred Vanderbilt,Jarred Vanderbilt,5.17,5.2
327,496,390,Dominick Barlow,Dominick Barlow,4.36,4.4
328,497,395,Danuel House Jr.,Danuel House Jr.,4.24,4.2
329,498,304,Johnny Juzang,Johnny Juzang,7.2,7.2
330,499,413,DeAndre Jordan,DeAndre Jordan,3.94,3.9
331,500,446,Ish Smith,Ish Smith,3.23,3.2
332,501,424,Lindy Waters III,Lindy Waters III,3.61,3.6
333,505,445,A.J. Lawson,A.J. Lawson,3.24,3.2
334,506,333,Vit Krejci,Vit Krejci,6.14,6.1
335,507,339,Noah Clowney,Noah Clowney,5.78,5.8
336,508,403,Ousmane Dieng,Ousmane Dieng,4.03,4.0
337,509,356,Stanley Umude,Stanley Umude,5.29,5.3
338,512,389,Robert Covington,Robert Covington,4.54,4.4
339,516,490,Andre Jackson Jr.,Andre Jackson Jr.,2.19,2.2
340,517,453,Olivier-Maxence Prosper,Olivier-Maxence Prosper,3.02,3.0
341,518,472,Alex Len,Alex Len,2.5,2.5
342,519,422,Jarace Walker,Jarace Walker,3.64,3.6
343,523,385,Jontay Porter,Jontay Porter,4.42,4.4
344,524,456,Jeremiah Robinson-Earl,Jeremiah Robinson-Earl,2.95,2.9
345,525,368,Devonte' Graham,Devonte' Graham,4.96,5.0
346,526,369,Isaiah Livers,Isaiah Livers,4.96,5.0
347,527,272,Javonte Green,Javonte Green,12.22,12.2
348,528,451,Wesley Matthews,Wesley Matthews,3.06,3.1
349,529,462,Damian Jones,Damian Jones,2.74,2.7
350,530,486,Chuma Okeke,Chuma Okeke,2.28,2.3
351,533,336,Tosan Evbuomwan,Tosan Evbuomwan,7.0,5.9
352,534,411,Luka Garza,Luka Garza,3.96,4.0
353,535,461,Orlando Robinson,Orlando Robinson,2.75,2.8
354,536,417,Jamal Cain,Jamal Cain,3.73,3.7
355,537,493,Reggie Bullock,Reggie Bullock Jr.,2.18,2.2
356,542,510,Kessler Edwards,Kessler Edwards,1.72,1.7
357,543,334,Ben Simmons,Ben Simmons,6.13,6.1
358,544,496,Jericho Sims,Jericho Sims,2.04,2.0
359,545,497,Kobe Brown,Kobe Brown,2.02,2.0
360,546,337,Justin Champagnie,Justin Champagnie,5.93,5.9
361,547,488,Julian Phillips,Julian Phillips,2.23,2.2
362,552,471,Furkan Korkmaz,Furkan Korkmaz,2.51,2.5
363,553,442,Garrett Temple,Garrett Temple,3.26,3.3
364,554,423,Collin Gillespie,Collin Gillespie,3.62,3.6
365,555,293,Tristan Vukcevic,Tristan Vukcevic,8.5,8.5
366,556,492,Trent Forrest,Trent Forrest,2.18,2.2
367,557,371,Jared Rhoden,Jared Rhoden,4.88,4.9
368,558,426,Gui Santos,Gui Santos,3.57,3.6
369,559,374,Kobe Bufkin,Kobe Bufkin,4.76,4.8
370,561,331,Jaylen Nowell,Jaylen Nowell,5.67,6.2
371,563,428,Onuralp Bitim,Onuralp Bitim,3.48,3.5
372,564,397,Ashton Hagans,Ashton Hagans,4.21,4.2
373,565,509,Cody Zeller,Cody Zeller,1.77,1.8
374,566,431,Moses Brown,Moses Brown,3.41,3.4
375,567,414,Jules Bernard,Jules Bernard,3.89,3.9
376,568,455,Saben Lee,Saben Lee,2.96,3.0
377,569,465,Leaky Black,Leaky Black,2.65,2.7
378,570,274,Brandon Clarke,Brandon Clarke,11.33,11.3
379,571,469,Markieff Morris,Markieff Morris,2.54,2.5
380,572,494,Colby Jones,Colby Jones,2.13,2.1
381,573,439,Charles Bassey,Charles Bassey,3.32,3.3
382,574,477,Cory Joseph,Cory Joseph,2.42,2.4
383,576,508,Justin Minaya,Justin Minaya,1.79,1.8
384,583,449,Brandon Williams,Brandon Williams,3.18,3.2
385,584,440,Micah Potter,Micah Potter,3.31,3.3
386,585,392,Jeff Dowtin Jr.,Jeff Dowtin Jr.,4.33,4.3
387,586,444,Terquavion Smith,Terquavion Smith,3.25,3.3
388,589,514,P.J. Tucker,P.J. Tucker,1.64,1.7
389,590,425,James Bouknight,James Bouknight,3.57,3.6
390,591,519,Josh Minott,Josh Minott,1.56,1.6
391,595,478,AJ Griffin,AJ Griffin,2.4,2.4
392,596,317,Mãozinha Pereira,Maozinha Pereira,6.86,6.9
393,597,321,Jahmi'us Ramsey,Jahmi'us Ramsey,6.71,6.7
394,598,527,Terry Taylor,Terry Taylor,1.48,1.5
395,599,416,Sidy Cissoko,Sidy Cissoko,3.75,3.8
396,600,447,Boban Marjanović,Boban Marjanovic,3.21,3.2
397,602,434,Ryan Rollins,Ryan Rollins,4.1,3.4
398,604,373,DeJon Jarreau,DeJon Jarreau,4.78,4.8
399,609,398,Armoni Brooks,Armoni Brooks,4.2,4.2
400,610,520,Jalen Pickett,Jalen Pickett,1.56,1.6
401,611,335,Zavier Simpson,Zavier Simpson,6.0,6.0
402,612,482,Cole Swider,Cole Swider,2.33,2.3
403,613,463,Emoni Bates,Emoni Bates,2.73,2.7
404,614,418,T.J. Warren,T.J. Warren,3.73,3.7
405,615,319,Robert Williams,Robert Williams III,6.83,6.8
406,616,458,Trevelin Queen,Trevelin Queen,2.86,2.9
407,617,475,Joe Harris,Joe Harris,2.44,2.4
408,618,467,Otto Porter Jr.,Otto Porter Jr.,2.6,2.6
409,619,393,Dru Smith,Dru Smith,4.33,4.3
410,623,407,Adama Sanogo,Adama Sanogo,4.0,4.0
411,624,491,Udoka Azubuike,Udoka Azubuike,2.19,2.2
412,625,522,Ibou Badji,Ibou Badji,1.55,1.5
413,626,433,Buddy Boeheim,Buddy Boeheim,3.4,3.4
414,627,517,Jalen Hood-Schifino,Jalen Hood-Schifino,1.62,1.6
415,628,487,Olivier Sarr,Olivier Sarr,2.27,2.3
416,629,450,Gabe Vincent,Gabe Vincent,3.09,3.1
417,631,513,Taj Gibson,Taj Gibson,1.0,1.7
418,633,489,Nate Hinton,Nate Hinton,2.2,2.2
419,634,534,Nathan Mensah,Nate Mensah,1.32,1.3
420,635,480,Xavier Moon,Xavier Moon,2.36,2.4
421,636,548,Thanasis Antetokounmpo,Thanasis Antetokounmpo,0.94,0.9
422,637,406,Matthew Hurt,Matt Hurt,4.0,4.0
423,638,332,Keon Johnson,Keon Johnson,6.2,6.2
424,639,530,Jerome Robinson,Jerome Robinson,1.41,1.4
425,640,466,Moussa Diabaté,Moussa Diabate,2.64,2.6
426,641,518,Jett Howard,Jett Howard,1.61,1.6
427,642,512,Leonard Miller,Leonard Miller,1.71,1.7
428,643,507,Daishen Nix,Daishen Nix,1.8,1.8
429,644,324,David Duke Jr.,David Duke Jr.,6.5,6.5
430,645,479,Mouhamadou Gueye,Mouhamadou Gueye,2.36,2.4
431,646,537,Chris Livingston,Chris Livingston,1.24,1.2
432,647,540,Admiral Schofield,Admiral Schofield,1.13,1.1
433,648,443,Oscar Tshiebwe,Oscar Tshiebwe,3.25,3.3
434,649,524,Colin Castleton,Colin Castleton,1.5,1.5
435,650,408,Mouhamed Gueye,Mouhamed Gueye,4.0,4.0
436,651,485,Amari Bailey,Amari Bailey,2.3,2.3
437,652,299,RaiQuan Gray,RaiQuan Gray,7.67,7.7
438,653,539,Jay Huff,Jay Huff,1.15,1.2
439,654,484,Isaiah Mobley,Isaiah Mobley,2.3,2.3
440,656,495,Ish Wainright,Ish Wainright,2.86,2.1
441,658,345,Dexter Dennis,Dexter Dennis,5.5,5.5
442,659,543,Braxton Key,Braxton Key,1.1,1.1
443,660,532,Kendall Brown,Kendall Brown,1.4,1.4
444,662,481,Jamaree Bouyea,Jamaree Bouyea,1.67,2.3
445,664,529,Jermaine Samuels,Jermaine Samuels Jr.,1.43,1.4
446,665,364,Kobi Simmons,Kobi Simmons,5.0,5.0
447,666,542,Hunter Tyson,Hunter Tyson,1.11,1.1
448,667,464,Malik Williams,Malik Williams,2.71,2.7
449,668,541,Robin Lopez,Robin Lopez,1.12,1.1
450,669,379,Taze Moore,Taze Moore,4.5,4.5
451,670,552,Wendell Moore Jr.,Wendell Moore Jr.,0.72,0.7
452,671,432,Wenyen Gabriel,Wenyen Gabriel,3.4,3.4
453,672,505,JD Davison,JD Davison,2.0,2.0
454,673,473,Greg Brown III,Greg Brown III,2.5,2.5
455,674,515,Jordan Walsh,Jordan Walsh,1.67,1.7
456,678,506,D'Moi Hodge,D'Moi Hodge,2.0,2.0
457,679,550,DaQuan Jeffries,DaQuan Jeffries,0.82,0.8
458,680,521,Seth Lundy,Seth Lundy,1.56,1.6
459,681,483,Dereon Seabron,Dereon Seabron,2.33,2.3
460,682,535,TyTy Washington Jr.,TyTy Washington Jr.,1.27,1.3
461,683,468,Timmy Allen,Timmy Allen,2.6,2.6
462,684,516,Jordan Miller,Jordan Miller,1.62,1.6
463,685,528,Jacob Toppin,Jacob Toppin,1.44,1.4
464,689,500,Jordan Ford,Jordan Ford,2.0,2.0
465,690,511,Jason Preston,Jason Preston,1.71,1.7
466,691,460,D.J. Carton,D.J. Carton,2.75,2.8
467,692,459,Henri Drell,Henri Drell,2.75,2.8
468,693,538,Keyontae Johnson,Keyontae Johnson,1.22,1.2
469,694,562,Maxwell Lewis,Maxwell Lewis,0.32,0.3
470,695,420,Drew Peterson,Drew Peterson,3.67,3.7
471,696,536,R.J. Hampton,R.J. Hampton,1.25,1.3
472,697,363,D.J. Wilson,D.J. Wilson,5.0,5.0
473,698,549,James Johnson,James Johnson,0.89,0.9
474,699,555,Jalen Slawson,Jalen Slawson,0.67,0.7
475,700,533,Isaiah Thomas,Isaiah Thomas,1.33,1.3
476,701,531,Mason Jones,Mason Jones,1.4,1.4
477,702,558,Juan Toscano-Anderson,Juan Toscano-Anderson,0.64,0.6
478,703,551,Charlie Brown Jr.,Charlie Brown Jr.,0.75,0.8
479,704,523,Jack White,Jack White,1.5,1.5
480,705,502,Lindell Wigginton,Lindell Wigginton,2.0,2.0
481,706,545,Frank Ntilikina,Frank Ntilikina,1.0,1.0
482,707,553,Alondes Williams,Alondes Williams,0.71,0.7
483,708,405,Izaiah Brockington,Izaiah Brockington,4.0,4.0
484,709,501,Kevon Harris,Kevon Harris,2.0,2.0
485,710,499,Ty Jerome,Ty Jerome,2.0,2.0
486,711,559,E.J. Liddell,E.J. Liddell,0.5,0.5
487,712,556,Pat Spencer,Pat Spencer,0.67,0.7
488,713,525,Adam Flagler,Adam Flagler,1.5,1.5
489,714,560,Usman Garuba,Usman Garuba,0.5,0.5
490,715,526,Dariq Whitehead,Dariq Whitehead,1.5,1.5
491,716,561,Pete Nance,Pete Nance,0.38,0.4
492,719,546,Filip Petrušev,Filip Petrusev,1.5,1.0
493,720,544,Hamidou Diallo,Hamidou Diallo,1.0,1.0
494,721,554,Shaquille Harrison,Shaquille Harrison,0.67,0.7
495,722,557,Quenton Jackson,Quenton Jackson,0.67,0.7
496,723,503,Markquis Nowell,Markquis Nowell,2.0,2.0
497,724,547,Joshua Primo,Joshua Primo,1.0,1.0
498,725,504,Isaiah Wong,Isaiah Wong,2.0,2.0
499,736,563,Shai Gilgeous-Alexander,Shai Gilgeous-Alexander,32.68,32.7
500,737,566,Anthony Edwards,Anthony Edwards,27.56,27.6
501,738,565,Nikola Jokić,Nikola Jokic,29.59,29.6
502,739,564,Giannis Antetokounmpo,Giannis Antetokounmpo,30.39,30.4
503,740,567,Jayson Tatum,Jayson Tatum,26.83,26.8
504,741,571,Devin Booker,Devin Booker,25.64,25.6
505,742,576,Trae Young,Trae Young,24.22,24.2
506,743,579,Tyler Herro,Tyler Herro,23.9,23.9
507,744,569,Cade Cunningham,Cade Cunningham,26.14,26.1
508,745,582,James Harden,James Harden,22.81,22.8
509,746,574,Karl-Anthony Towns,Karl-Anthony Towns,24.43,24.4
510,750,590,Jalen Green,Jalen Green,21.01,21.0
511,751,573,Stephen Curry,Stephen Curry,24.54,24.5
512,752,583,DeMar DeRozan,DeMar DeRozan,22.21,22.2
513,753,575,LeBron James,LeBron James,24.43,24.4
514,754,578,Donovan Mitchell,Donovan Mitchell,23.96,24.0
515,755,570,Jalen Brunson,Jalen Brunson,26.0,26.0
516,756,568,Kevin Durant,Kevin Durant,26.56,26.6
517,757,585,Jaren Jackson Jr.,Jaren Jackson Jr.,22.18,22.2
518,758,595,Pascal Siakam,Pascal Siakam,20.23,20.2
519,759,591,Darius Garland,Darius Garland,20.59,20.6
520,760,593,Coby White,Coby White,20.39,20.4
521,761,587,Jalen Williams,Jalen Williams,21.59,21.6
522,762,596,Austin Reaves,Austin Reaves,20.21,20.2
523,766,601,Alperen Şengün,Alperen Sengun,19.09,19.1
524,767,577,Franz Wagner,Franz Wagner,24.15,24.2
525,768,572,Damian Lillard,Damian Lillard,24.95,24.9
526,769,612,Mikal Bridges,Mikal Bridges,17.61,17.6
527,770,588,Jamal Murray,Jamal Murray,21.43,21.4
528,771,609,Bam Adebayo,Bam Adebayo,18.08,18.1
529,775,584,Jaylen Brown,Jaylen Brown,22.19,22.2
530,776,608,Michael Porter Jr.,Michael Porter Jr.,18.16,18.2
531,777,592,Jordan Poole,Jordan Poole,20.46,20.5
532,778,795,Tyrese Maxey,Tyrese Maxey,26.33,26.3
533,779,603,Tyrese Haliburton,Tyrese Haliburton,18.62,18.6
534,780,606,Nikola Vučević,Nikola Vucevic,18.48,18.5
535,781,598,Anfernee Simons,Anfernee Simons,19.26,19.3
536,782,617,Ivica Zubac,Ivica Zubac,16.75,16.8
537,783,600,Domantas Sabonis,Domantas Sabonis,19.1,19.1
538,784,619,Malik Beasley,Malik Beasley,16.29,16.3
539,785,604,Shaedon Sharpe,Shaedon Sharpe,18.54,18.5
540,786,610,OG Anunoby,OG Anunoby,18.0,18.0
541,787,599,Desmond Bane,Desmond Bane,19.23,19.2
542,788,605,Evan Mobley,Evan Mobley,18.54,18.5
543,789,586,Norman Powell,Norman Powell,21.77,21.8
544,790,594,Miles Bridges,Miles Bridges,20.31,20.3
545,791,602,Julius Randle,Julius Randle,18.67,18.7
546,795,597,Scottie Barnes,Scottie Barnes,19.26,19.3
547,796,618,Derrick White,Derrick White,16.42,16.4
548,797,799,Kyrie Irving,Kyrie Irving,24.68,24.7
549,798,589,RJ Barrett,RJ Barrett,21.09,21.1
550,799,615,Deni Avdija,Deni Avdija,16.93,16.9
551,800,623,Christian Braun,Christian Braun,15.42,15.4
552,801,796,Paolo Banchero,Paolo Banchero,25.89,25.9
553,802,626,Stephon Castle,Stephon Castle,14.69,14.7
554,803,797,LaMelo Ball,LaMelo Ball,25.19,25.2
555,804,808,CJ McCollum,CJ McCollum,21.12,21.1
556,805,804,Ja Morant,Ja Morant,23.18,23.2
557,806,607,Collin Sexton,Collin Sexton,18.4,18.4
558,807,621,Bennedict Mathurin,Bennedict Mathurin,16.06,16.1
559,808,629,Payton Pritchard,Payton Pritchard,14.3,14.3
560,809,630,Naz Reid,Naz Reid,14.22,14.2
561,810,616,Keyonte George,Keyonte George,16.79,16.8
562,811,807,Trey Murphy III,Trey Murphy III,21.21,21.2
563,812,622,Myles Turner,Myles Turner,15.56,15.6
564,813,613,Malik Monk,Malik Monk,17.18,17.2
565,814,801,Victor Wembanyama,Victor Wembanyama,24.26,24.3
566,815,638,Jarrett Allen,Jarrett Allen,13.45,13.5
567,825,631,Dyson Daniels,Dyson Daniels,14.12,14.1
568,826,814,Cameron Johnson,Cameron Johnson,18.77,18.8
569,827,634,Dillon Brooks,Dillon Brooks,14.04,14.0
570,828,637,Josh Hart,Josh Hart,13.65,13.6
571,829,644,Brook Lopez,Brook Lopez,13.01,13.0
572,830,620,Devin Vassell,Devin Vassell,16.27,16.3
573,831,627,Josh Giddey,Josh Giddey,14.6,14.6
574,832,653,Harrison Barnes,Harrison Barnes,12.33,12.3
575,833,635,Klay Thompson,Klay Thompson,13.96,14.0
576,834,636,Tobias Harris,Tobias Harris,13.73,13.7
577,835,655,Jaden McDaniels,Jaden McDaniels,12.2,12.2
578,836,640,Russell Westbrook,Russell Westbrook,13.25,13.3
579,837,639,Onyeka Okongwu,Onyeka Okongwu,13.35,13.4
580,842,646,Keldon Johnson,Keldon Johnson,12.71,12.7
581,843,633,Amen Thompson,Amen Thompson,14.06,14.1
582,850,652,Keegan Murray,Keegan Murray,12.39,12.4
583,851,649,Zaccharie Risacher,Zaccharie Risacher,12.56,12.6
584,852,659,Jalen Duren,Jalen Duren,11.77,11.8
585,853,641,Naji Marshall,Naji Marshall,13.25,13.2
586,854,658,Aaron Wiggins,Aaron Wiggins,12.03,12.0
587,855,665,Buddy Hield,Buddy Hield,11.12,11.1
588,856,624,Kelly Oubre Jr.,Kelly Oubre Jr.,15.1,15.1
589,857,819,Bradley Beal,Bradley Beal,17.02,17.0
590,858,811,Lauri Markkanen,Lauri Markkanen,18.98,19.0
591,859,663,Toumani Camara,Toumani Camara,11.31,11.3
592,860,650,Ty Jerome,Ty Jerome,12.54,12.5
593,861,669,Spencer Dinwiddie,Spencer Dinwiddie,11.04,11.0
594,862,645,Alex Sarr,Alex Sarr,12.97,13.0
595,863,657,Rudy Gobert,Rudy Gobert,12.03,12.0
596,864,671,Tim Hardaway Jr.,Tim Hardaway Jr.,10.96,11.0
597,865,632,Fred VanVleet,Fred VanVleet,14.07,14.1
598,869,674,Keon Johnson,Keon Johnson,10.62,10.6
599,870,647,Scoot Henderson,Scoot Henderson,12.68,12.7
600,871,828,P.J. Washington,P.J. Washington,14.67,14.7
601,872,676,Obi Toppin,Obi Toppin,10.54,10.5
602,873,682,Tyus Jones,Tyus Jones,10.23,10.2
603,874,829,Jakob Poeltl,Jakob Poeltl,14.46,14.5
604,875,664,Gary Trent Jr.,Gary Trent Jr.,11.14,11.1
605,876,678,Jaylen Wells,Jaylen Wells,10.42,10.4
606,877,810,Kristaps Porziņģis,Kristaps Porzingis,19.48,19.5
607,878,668,Duncan Robinson,Duncan Robinson,11.04,11.0
608,879,689,Julian Champagnie,Julian Champagnie,9.94,9.9
609,880,651,Santi Aldama,Santi Aldama,12.48,12.5
610,881,694,Bub Carrington,Bub Carrington,9.84,9.8
611,882,806,Kawhi Leonard,Kawhi Leonard,21.51,21.5
612,886,684,Derrick Jones Jr.,Derrick Jones Jr.,10.14,10.1
613,887,692,Scotty Pippen Jr.,Scotty Pippen Jr.,9.86,9.9
614,888,832,Gradey Dick,Gradey Dick,14.39,14.4
615,892,642,Rui Hachimura,Rui Hachimura,13.14,13.1
616,893,702,Nickeil Alexander-Walker,Nickeil Alexander-Walker,9.43,9.4
617,894,672,Brice Sensabaugh,Brice Sensabaugh,10.87,10.9
618,898,670,Guerschon Yabusele,Guerschon Yabusele,10.97,11.0
619,899,812,John Collins,John Collins,18.95,19.0
620,900,683,Isaiah Joe,Isaiah Joe,10.22,10.2
621,901,700,Jalen Wilson,Jalen Wilson,9.48,9.5
622,905,827,Aaron Gordon,Aaron Gordon,14.67,14.7
623,906,660,Brandin Podziemski,Brandin Podziemski,11.67,11.7
624,907,800,Zion Williamson,Zion Williamson,24.57,24.6
625,908,701,Anthony Black,Anthony Black,9.44,9.4
626,912,654,Bilal Coulibaly,Bilal Coulibaly,12.32,12.3
627,913,680,Nic Claxton,Nic Claxton,10.34,10.3
628,914,695,Moses Moody,Moses Moody,9.78,9.8
629,915,661,Donte DiVincenzo,Donte DiVincenzo,11.66,11.7
630,916,718,Chris Paul,Chris Paul,8.82,8.8
631,917,706,T.J. McConnell,T.J. McConnell,9.11,9.1
632,918,685,Luguentz Dort,Luguentz Dort,10.13,10.1
633,919,824,Jonathan Kuminga,Jonathan Kuminga,15.3,15.3
634,920,710,Dalton Knecht,Dalton Knecht,9.05,9.1
635,921,662,Corey Kispert,Corey Kispert,11.56,11.6
636,922,840,Daniel Gafford,Daniel Gafford,12.3,12.3
637,923,841,Jabari Smith Jr.,Jabari Smith Jr.,12.25,12.2
638,924,696,Amir Coffey,Amir Coffey,9.67,9.7
639,925,698,Kyle Filipowski,Kyle Filipowski,9.58,9.6
640,926,726,Matas Buzelis,Matas Buzelis,8.6,8.6
641,927,843,Tari Eason,Tari Eason,12.04,12.0
642,928,666,Jrue Holiday,Jrue Holiday,11.06,11.1
643,932,673,Grayson Allen,Grayson Allen,10.62,10.6
644,933,813,Jalen Johnson,Jalen Johnson,18.89,18.9
645,934,709,Royce O'Neale,Royce O'Neale,9.07,9.1
646,935,835,Bobby Portis,Bobby Portis,13.88,13.9
647,936,675,Terry Rozier,Terry Rozier,10.61,10.6
648,937,830,Jerami Grant,Jerami Grant,14.4,14.4
649,938,720,Kentavious Caldwell-Pope,Kentavious Caldwell-Pope,8.74,8.7
650,939,825,Mark Williams,Mark Williams,15.25,15.3
651,940,677,Ochai Agbaji,Ochai Agbaji,10.42,10.4
652,941,731,Keon Ellis,Keon Ellis,8.32,8.3
653,942,820,Paul George,Paul George,16.22,16.2
654,943,707,Yves Missi,Yves Missi,9.11,9.1
655,944,732,Taurean Prince,Taurean Prince,8.2,8.2
656,945,687,Andrew Nembhard,Andrew Nembhard,10.05,10.0
657,946,667,Walker Kessler,Walker Kessler,11.05,11.1
658,947,847,Isaiah Hartenstein,Isaiah Hartenstein,11.18,11.2
659,948,688,Ziaire Williams,Ziaire Williams,10.03,10.0
660,949,703,Cole Anthony,Cole Anthony,9.4,9.4
661,950,708,Wendell Carter Jr.,Wendell Carter Jr.,9.09,9.1
662,951,846,Jeremy Sochan,Jeremy Sochan,11.43,11.4
663,952,724,Isaiah Collier,Isaiah Collier,8.66,8.7
664,953,713,Draymond Green,Draymond Green,9.01,9.0
665,954,699,Miles McBride,Miles McBride,9.55,9.5
666,955,705,Zach Edey,Zach Edey,9.24,9.2
667,956,727,Sam Hauser,Sam Hauser,8.52,8.5
668,957,849,Jordan Hawkins,Jordan Hawkins,10.79,10.8
669,958,821,Jordan Clarkson,Jordan Clarkson,16.22,16.2
670,959,802,Cam Thomas,Cam Thomas,23.96,24.0
671,960,704,Kel'el Ware,Kel'el Ware,9.3,9.3
672,961,686,Ausar Thompson,Ausar Thompson,10.07,10.1
673,962,693,Nick Smith Jr.,Nick Smith Jr.,9.85,9.9
674,963,723,Kyshawn George,Kyshawn George,8.68,8.7
675,964,711,Julian Strawther,Julian Strawther,9.05,9.0
676,971,733,Mike Conley,Mike Conley,8.2,8.2
677,972,853,Jose Alvarado,Jose Alvarado,10.34,10.3
678,973,831,Deandre Ayton,Deandre Ayton,14.4,14.4
679,974,717,Luke Kennard,Luke Kennard,8.86,8.9
680,975,716,Johnny Juzang,Johnny Juzang,8.92,8.9
681,976,725,Jaime Jaquez Jr.,Jaime Jaquez Jr.,8.64,8.6
682,977,809,Brandon Miller,Brandon Miller,21.04,21.0
683,978,728,Cason Wallace,Cason Wallace,8.35,8.4
684,979,822,Jalen Suggs,Jalen Suggs,16.2,16.2
685,980,839,Ayo Dosunmu,Ayo Dosunmu,12.3,12.3
686,981,714,Patrick Williams,Patrick Williams,8.98,9.0
687,982,818,Immanuel Quickley,Immanuel Quickley,17.09,17.1
688,983,730,Dalano Banton,Dalano Banton,8.34,8.3
689,984,735,Peyton Watson,Peyton Watson,8.1,8.1
690,988,719,Justin Champagnie,Justin Champagnie,8.77,8.8
691,989,817,Dejounte Murray,Dejounte Murray,17.48,17.5
692,990,739,A.J. Green,AJ Green,7.41,7.4
693,991,844,Aaron Nesmith,Aaron Nesmith,12.02,12.0
694,995,715,Al Horford,Al Horford,8.97,9.0
695,996,729,Brandon Clarke,Brandon Clarke,8.34,8.3
696,997,741,Tristan Da Silva,Tristan da Silva,7.2,7.2
697,998,744,Jamal Shead,Jamal Shead,7.11,7.1
698,999,740,Ricky Council IV,Ricky Council IV,7.29,7.3
699,1003,815,Jaden Ivey,Jaden Ivey,17.6,17.6
700,1004,734,Jalen Smith,Jalen Smith,8.19,8.2
701,1005,721,Tyrese Martin,Tyrese Martin,8.72,8.7
702,1010,748,Ryan Dunn,Ryan Dunn,6.91,6.9
703,1011,743,Sam Merrill,Sam Merrill,7.17,7.2
704,1012,738,Josh Green,Josh Green,7.44,7.4
705,1013,742,Goga Bitadze,Goga Bitadze,7.17,7.2
706,1014,859,Chris Boucher,Chris Boucher,10.04,10.0
707,1015,746,Cameron Payne,Cameron Payne,6.94,6.9
708,1016,874,Jaden Hardy,Jaden Hardy,8.7,8.7
709,1017,850,Nikola Jović,Nikola Jovic,10.74,10.7
710,1018,870,Clint Capela,Clint Capela,8.87,8.9
711,1019,826,Chet Holmgren,Chet Holmgren,14.97,15.0
712,1020,756,Haywood Highsmith,Haywood Highsmith,6.46,6.5
713,1021,863,Cam Whitmore,Cam Whitmore,9.35,9.4
714,1022,759,Kris Dunn,Kris Dunn,6.41,6.4
715,1023,862,Max Strus,Max Strus,9.42,9.4
716,1024,766,Jarace Walker,Jarace Walker,6.15,6.1
717,1025,760,Gabe Vincent,Gabe Vincent,6.39,6.4
718,1032,803,Joel Embiid,Joel Embiid,23.79,23.8
719,1033,751,Trey Lyles,Trey Lyles,6.54,6.5
720,1034,856,Trendon Watford,Trendon Watford,10.23,10.2
721,1035,877,Ja'Kobe Walter,Ja'Kobe Walter,8.63,8.6
722,1036,851,Brandon Boston Jr.,Brandon Boston,10.67,10.7
723,1037,769,Simone Fontecchio,Simone Fontecchio,5.95,5.9
724,1038,858,Justin Edwards,Justin Edwards,10.11,10.1
725,1039,753,Seth Curry,Seth Curry,6.53,6.5
726,1040,768,Luke Kornet,Luke Kornet,6.04,6.0
727,1044,749,Jay Huff,Jay Huff,6.86,6.9
728,1045,754,Donovan Clingan,Donovan Clingan,6.51,6.5
729,1046,763,Kenrich Williams,Kenrich Williams,6.32,6.3
730,1047,767,Isaiah Stewart,Isaiah Stewart,6.04,6.0
731,1051,865,Noah Clowney,Noah Clowney,9.13,9.1
732,1052,745,Jamison Battle,Jamison Battle,7.1,7.1
733,1053,762,Jeremiah Robinson-Earl,Jeremiah Robinson-Earl,6.33,6.3
734,1054,898,Vit Krejci,Vit Krejci,7.23,7.2
735,1055,750,Trayce Jackson-Davis,Trayce Jackson-Davis,6.56,6.6
736,1059,773,Moussa Diabaté,Moussa Diabate,5.68,5.7
737,1060,805,Brandon Ingram,Brandon Ingram,22.22,22.2
738,1061,757,Gary Payton II,Gary Payton II,6.45,6.5
739,1062,884,Day'Ron Sharpe,Day'Ron Sharpe,7.94,7.9
740,1063,765,Jonathan Mogbo,Jonathan Mogbo,6.17,6.2
741,1064,836,Moritz Wagner,Moritz Wagner,12.87,12.9
742,1065,764,Sandro Mamukelashvili,Sandro Mamukelashvili,6.31,6.3
743,1069,912,Jaxson Hayes,Jaxson Hayes,6.84,6.8
744,1070,904,Alex Caruso,Alex Caruso,7.07,7.1
745,1071,776,Jonathan Isaac,Jonathan Isaac,5.35,5.4
746,1072,918,Precious Achiuwa,Precious Achiuwa,6.65,6.6
747,1073,752,Talen Horton-Tucker,Talen Horton-Tucker,6.53,6.5
748,1074,921,Marcus Sasser,Marcus Sasser,6.58,6.6
749,1075,781,Julian Phillips,Julian Phillips,4.63,4.6
750,1082,897,Alec Burks,Alec Burks,7.27,7.3
751,1086,892,Garrison Mathews,Garrison Mathews,7.51,7.5
752,1087,770,Tidjane Salaün,Tidjane Salaun,5.88,5.9
753,1088,823,Jared McCain,Jared McCain,15.3,15.3
754,1089,925,Ryan Rollins,Ryan Rollins,6.23,6.2
755,1093,783,Kevon Looney,Kevon Looney,4.53,4.5
756,1094,774,Aaron Holiday,Aaron Holiday,5.48,5.5
757,1095,883,Quinten Post,Quinten Post,8.1,8.1
758,1099,772,Adem Bona,Adem Bona,5.81,5.8
759,1100,928,Isaac Okoro,Isaac Okoro,6.13,6.1
760,1101,871,Svi Mykhailiuk,Svi Mykhailiuk,8.79,8.8
761,1102,784,Mason Plumlee,Mason Plumlee,4.5,4.5
762,1103,777,Ben Sheppard,Ben Sheppard,5.27,5.3
763,1104,861,Tristan Vukcevic,Tristan Vukcevic,9.43,9.4
764,1108,785,Dalen Terry,Dalen Terry,4.47,4.5
765,1109,888,Karlo Matković,Karlo Matkovic,7.74,7.7
766,1110,775,Dean Wade,Dean Wade,5.42,5.4
767,1111,916,DaQuan Jeffries,DaQuan Jeffries,6.7,6.7
768,1115,873,Dereck Lively II,Dereck Lively II,8.72,8.7
769,1116,790,Nicolas Batum,Nicolas Batum,4.01,4.0
770,1117,778,Jabari Walker,Jabari Walker,5.22,5.2
771,1118,780,Neemias Queta,Neemias Queta,5.0,5.0
772,1119,837,Malcolm Brogdon,Malcolm Brogdon,12.71,12.7
773,1120,910,Antonio Reeves,Antonio Reeves,6.93,6.9
774,1127,895,Andre Drummond,Andre Drummond,7.33,7.3
775,1128,788,Kris Murray,Kris Murray,4.16,4.2
776,1129,941,Landry Shamet,Landry Shamet,5.72,5.7
777,1130,909,Jeff Dowtin Jr.,Jeff Dowtin Jr.,6.95,7.0
778,1134,887,KJ Simpson,KJ Simpson,7.83,7.8
779,1138,934,Jaylin Williams,Jaylin Williams,5.91,5.9
780,1139,881,Brandon Williams,Brandon Williams,8.33,8.3
781,1146,890,Lonzo Ball,Lonzo Ball,7.63,7.6
782,1147,860,Tosan Evbuomwan,Tosan Evbuomwan,9.54,9.5
783,1148,786,Jett Howard,Jett Howard,4.45,4.5
784,1149,913,Eric Gordon,Eric Gordon,6.82,6.8
785,1156,787,Oso Ighodaro,Oso Ighodaro,4.18,4.2
786,1157,967,Pelle Larsson,Pelle Larsson,4.56,4.6
787,1158,838,Lonnie Walker IV,Lonnie Walker IV,12.35,12.4
788,1159,914,Bol Bol,Bol Bol,6.78,6.8
789,1160,789,Caleb Houstan,Caleb Houstan,4.12,4.1
790,1161,866,A.J. Lawson,A.J. Lawson,9.08,9.1
791,1162,956,Malaki Branham,Malaki Branham,5.0,5.0
792,1163,923,Ajay Mitchell,Ajay Mitchell,6.5,6.5
793,1164,951,Monte Morris,Monte Morris,5.18,5.2
794,1165,894,Richaun Holmes,Richaun Holmes,7.42,7.4
795,1166,793,Andre Jackson Jr.,Andre Jackson Jr.,3.43,3.4
796,1167,966,Cody Williams,Cody Williams,4.6,4.6
797,1168,969,Reed Sheppard,Reed Sheppard,4.4,4.4
798,1169,992,Gui Santos,Gui Santos,4.05,4.1
799,1170,791,Steven Adams,Steven Adams,3.88,3.9
800,1174,968,Rob Dillingham,Rob Dillingham,4.47,4.5
801,1175,792,Blake Wesley,Blake Wesley,3.74,3.7
802,1176,950,Pat Connaughton,Pat Connaughton,5.27,5.3
803,1177,899,GG Jackson II,GG Jackson,7.21,7.2
804,1178,1004,DeAndre Jordan,DeAndre Jordan,3.73,3.7
805,1179,855,Herbert Jones,Herbert Jones,10.25,10.3
806,1180,878,Larry Nance Jr.,Larry Nance Jr.,8.46,8.5
807,1181,998,Olivier-Maxence Prosper,Olivier-Maxence Prosper,3.87,3.9
808,1182,962,Jock Landale,Jock Landale,4.76,4.8
809,1183,990,Jalen Pickett,Jalen Pickett,4.08,4.1
810,1187,933,Mouhamed Gueye,Mouhamed Gueye,5.97,6.0
811,1188,949,Jamal Cain,Jamal Cain,5.3,5.3
812,1189,937,Collin Gillespie,Collin Gillespie,5.88,5.9
813,1190,982,Duop Reath,Duop Reath,4.22,4.2
814,1191,1006,Craig Porter Jr.,Craig Porter Jr.,3.69,3.7
815,1192,1009,Jae'Sean Tate,Jae'Sean Tate,3.62,3.6
816,1193,1023,Zeke Nnaji,Zeke Nnaji,3.23,3.2
817,1194,988,Paul Reed,Paul Reed,4.09,4.1
818,1195,833,Tre Mann,Tre Mann,14.08,14.1
819,1196,919,Vince Williams Jr.,Vince Williams Jr.,6.63,6.6
820,1197,1013,Cory Joseph,Cory Joseph,3.54,3.5
821,1198,875,Dante Exum,Dante Exum,8.7,8.7
822,1199,946,Jeff Green,Jeff Green,5.38,5.4
823,1200,983,Kessler Edwards,Kessler Edwards,4.2,4.2
824,1201,945,Keaton Wallace,Keaton Wallace,5.42,5.4
825,1202,1010,Jaylon Tyson,Jaylon Tyson,3.55,3.6
826,1203,852,Grant Williams,Grant Williams,10.38,10.4
827,1204,991,Jaylen Clark,Jaylen Clark,4.08,4.1
828,1205,940,Quenton Jackson,Quenton Jackson,5.79,5.8
829,1206,978,Micah Potter,Micah Potter,4.26,4.3
830,1207,977,Daniel Theis,Daniel Theis,4.26,4.3
831,1208,943,Jordan Goodwin,Jordan Goodwin,5.55,5.6
832,1209,972,Charles Bassey,Charles Bassey,4.36,4.4
833,1213,1032,Rayan Rupert,Rayan Rupert,2.98,3.0
834,1214,979,Jevon Carter,Jevon Carter,4.25,4.3
835,1219,987,Jordan Miller,Jordan Miller,4.11,4.1
836,1220,960,Trevelin Queen,Trevelin Queen,4.9,4.9
837,1225,927,Bones Hyland,Bones Hyland,7.2,6.2
838,1227,981,Dominick Barlow,Dominick Barlow,4.23,4.2
839,1228,1015,Doug McDermott,Doug McDermott,3.5,3.5
840,1229,989,Jarred Vanderbilt,Jarred Vanderbilt,4.08,4.1
841,1230,1029,Gary Harris,Gary Harris,3.02,3.0
842,1231,952,Bismack Biyombo,Bismack Biyombo,5.14,5.1
843,1232,857,Keion Brooks Jr.,Keion Brooks Jr.,10.14,10.1
844,1233,999,Ousmane Dieng,Ousmane Dieng,3.84,3.8
845,1234,1000,Devin Carter,Devin Carter,3.83,3.8
846,1235,1014,Luka Garza,Luka Garza,3.54,3.5
847,1236,997,Kyle Lowry,Kyle Lowry,3.94,3.9
848,1237,976,Terrence Shannon Jr.,Terrence Shannon Jr.,4.31,4.3
849,1239,975,Mo Bamba,Mo Bamba,4.57,4.3
850,1241,970,Reggie Jackson,Reggie Jackson,4.39,4.4
851,1245,1048,Dillon Jones,Dillon Jones,2.5,2.5
852,1246,1019,Isaac Jones,Isaac Jones,3.35,3.4
853,1247,1040,Hunter Tyson,Hunter Tyson,2.63,2.6
854,1248,1045,Anthony Gill,Anthony Gill,2.53,2.5
855,1256,1002,Branden Carlson,Branden Carlson,3.81,3.8
856,1257,947,Kevin Love,Kevin Love,5.3,5.3
857,1258,929,Isaiah Wong,Isaiah Wong,6.0,6.0
858,1259,1041,Josh Minott,Josh Minott,2.59,2.6
859,1263,939,Robert Williams,Robert Williams III,5.8,5.8
860,1267,942,Dariq Whitehead,Dariq Whitehead,5.7,5.7
861,1268,1062,Dwight Powell,Dwight Powell,2.07,2.1
862,1269,1008,Baylor Scheierman,Baylor Scheierman,3.65,3.6
863,1270,1049,John Konchar,John Konchar,2.43,2.4
864,1271,893,Matisse Thybulle,Matisse Thybulle,7.47,7.5
865,1275,896,Damion Baugh,Damion Baugh,7.27,7.3
866,1276,842,Drew Timme,Drew Timme,12.11,12.1
867,1283,1036,Taj Gibson,Taj Gibson,2.89,2.9
868,1284,889,Oscar Tshiebwe,Oscar Tshiebwe,7.64,7.6
869,1285,980,Cam Spencer,Cam Spencer,4.24,4.2
870,1289,1025,Cam Reddish,Cam Reddish,3.18,3.2
871,1290,1064,Johnny Furphy,Johnny Furphy,2.06,2.1
872,1291,1028,Maxi Kleber,Maxi Kleber,3.03,3.0
873,1292,1046,Pat Spencer,Pat Spencer,2.51,2.5
874,1304,1042,Reece Beekman,Reece Beekman,2.68,2.6
875,1305,1050,Christian Koloko,Christian Koloko,2.43,2.4
876,1306,953,Mitchell Robinson,Mitchell Robinson,5.12,5.1
877,1307,926,Dru Smith,Dru Smith,6.21,6.2
878,1314,1020,Damion Lee,Damion Lee,3.32,3.3
879,1315,1086,Jordan Walsh,Jordan Walsh,1.58,1.6
880,1316,1067,Tyler Kolek,Tyler Kolek,1.98,2.0
881,1317,1051,Johnny Davis,Johnny Davis,2.35,2.4
882,1325,1068,Kobe Brown,Kobe Brown,1.93,1.9
883,1328,954,Alex Reese,Alex Reese,5.29,5.1
884,1332,974,Lamar Stevens,Lamar Stevens,4.35,4.4
885,1339,1079,Tristan Thompson,Tristan Thompson,1.73,1.7
886,1340,917,Marcus Bagley,Marcus Bagley,6.7,6.7
887,1341,880,Jaylen Nowell,Jaylen Nowell,8.38,8.4
888,1342,1034,Tyler Smith,Tyler Smith,2.91,2.9
889,1343,1076,Adam Flagler,Adam Flagler,1.76,1.8
890,1345,1054,Bronny James,Bronny James,2.3,2.3
891,1346,854,De'Anthony Melton,De'Anthony Melton,10.33,10.3
892,1347,973,Tony Bradley,Tony Bradley,4.36,4.4
893,1348,1035,Markelle Fultz,Markelle Fultz,2.9,2.9
894,1352,1017,Bruno Fernando,Bruno Fernando,3.41,3.4
895,1353,1016,Dario Šarić,Dario Saric,3.5,3.5
896,1357,886,Tyson Etienne,Tyson Etienne,7.86,7.9
897,1358,867,Killian Hayes,Killian Hayes,9.0,9.0
898,1359,1058,Drew Peterson,Drew Peterson,2.16,2.2
899,1360,948,Kobe Bufkin,Kobe Bufkin,5.3,5.3
900,1361,1070,Garrett Temple,Garrett Temple,1.89,1.9
901,1366,1056,Patrick Baldwin Jr.,Patrick Baldwin Jr.,2.14,2.2
902,1368,876,Oshae Brissett,Oshae Brissett,8.67,8.7
903,1369,1069,Ariel Hukporti,Ariel Hukporti,1.92,1.9
904,1370,1061,Enrique Freeman,Enrique Freeman,2.09,2.1
905,1371,1021,Kevin Knox,Kevin Knox II,3.29,3.3
906,1372,1038,Keshad Johnson,Keshad Johnson,2.69,2.7
907,1373,902,Daeqwon Plowden,Daeqwon Plowden,7.17,7.2
908,1374,907,Jaylen Sims,Jaylen Sims,7.0,7.0
909,1378,1005,Emoni Bates,Emoni Bates,3.7,3.7
910,1379,1060,Chris Duarte,Chris Duarte,2.12,2.1
911,1380,1080,Alex Ducas,Alex Ducas,1.71,1.7
912,1381,1083,Yuki Kawamura,Yuki Kawamura,1.64,1.6
913,1382,900,Nae'Qwan Tomlin,Nae'Qwan Tomlin,7.2,7.2
914,1383,908,Isaiah Jackson,Isaiah Jackson,7.0,7.0
915,1384,1057,TyTy Washington Jr.,TyTy Washington Jr.,2.19,2.2
916,1385,1102,Xavier Tillman Sr.,Xavier Tillman,1.03,1.0
917,1389,1063,JD Davison,JD Davison,2.06,2.1
918,1390,1078,PJ Hall,PJ Hall,1.74,1.7
919,1391,1098,Trey Alexander,Trey Alexander,1.33,1.3
920,1392,1024,Elijah Harkless,Elijah Harkless,3.2,3.2
921,1393,994,Josh Richardson,Josh Richardson,4.0,4.0
922,1397,1082,Pacome Dadiet,Pacome Dadiet,1.67,1.7
923,1398,1037,RayJ Dennis,RayJ Dennis,2.73,2.7
924,1399,1095,Chris Livingston,Chris Livingston,1.43,1.4
925,1400,1065,Josh Christopher,Josh Christopher,2.0,2.0
926,1401,906,Marcus Garrett,Marcus Garrett,7.0,7.0
927,1402,1093,Matt Ryan,Matt Ryan,1.47,1.5
928,1403,1099,Spencer Jones,Spencer Jones,1.3,1.3
929,1404,1073,Vlatko Čančar,Vlatko Cancar,1.85,1.8
930,1405,932,N'Faly Dante,N'Faly Dante,6.0,6.0
931,1406,1092,Jazian Gortman,Jazian Gortman,1.5,1.5
932,1407,1043,Jae Crowder,Jae Crowder,2.56,2.6
933,1408,1053,Mason Jones,Mason Jones,2.3,2.3
934,1410,1097,Jacob Toppin,Jacob Toppin,0.38,1.4
935,1412,1007,Jackson Rowe,Jackson Rowe,3.67,3.7
936,1413,1077,E.J. Liddell,E.J. Liddell,1.75,1.8
937,1414,1089,Leonard Miller,Leonard Miller,1.54,1.5
938,1415,1096,Cam Christie,Cam Christie,1.38,1.4
939,1416,1108,Justin Minaya,Justin Minaya,0.95,0.9
940,1417,1018,Jamaree Bouyea,Jamaree Bouyea,3.4,3.4
941,1418,1039,David Duke Jr.,David Duke Jr.,2.67,2.7
942,1419,995,Malachi Flynn,Malachi Flynn,4.0,4.0
943,1420,1112,Joe Ingles,Joe Ingles,0.79,0.8
944,1421,1071,Bobi Klintman,Bobi Klintman,1.88,1.9
945,1422,1117,Stanley Umude,Stanley Umude,0.68,0.7
946,1423,964,Taylor Hendricks,Taylor Hendricks,4.67,4.7
947,1424,1087,Jack McVeigh,Jack McVeigh,1.56,1.6
948,1425,834,Tolu Smith,Tolu Smith,14.0,14.0
949,1426,1088,Armel Traoré,Armel Traore,1.56,1.6
950,1427,1110,Isaiah Crawford,Isaiah Crawford,0.87,0.9
951,1428,1105,Bryce McGowens,Bryce McGowens,1.0,1.0
952,1429,1106,Luke Travers,Luke Travers,1.0,1.0
953,1430,1075,Trentyn Flowers,Trentyn Flowers,1.83,1.8
954,1431,1074,Jahmir Young,Jahmir Young,1.83,1.8
955,1432,1081,Emanuel Miller,Emanuel Miller,1.67,1.7
956,1433,1101,Jalen Bridges,Jalen Bridges,1.12,1.1
957,1434,1116,Liam Robbins,Liam Robbins,0.69,0.7
958,1435,1030,P.J. Tucker,P.J. Tucker,3.0,3.0
959,1436,1118,James Johnson,James Johnson,0.67,0.7
960,1437,1066,Adama Sanogo,Adama Sanogo,2.0,2.0
961,1438,1109,Anton Watson,Anton Watson,0.89,0.9
962,1439,1085,Phillip Wheeler,Phillip Wheeler,1.6,1.6
963,1440,1113,PJ Dozier,PJ Dozier,0.78,0.8
964,1441,1107,Daniss Jenkins,Daniss Jenkins,1.0,1.0
965,1442,1052,Miles Norris,Miles Norris,2.33,2.3
966,1443,1090,Kevin McCullar Jr.,Kevin McCullar Jr.,1.5,1.5
967,1444,931,Isaiah Mobley,Isaiah Mobley,6.0,6.0
968,1445,1031,Taze Moore,Taze Moore,3.0,3.0
969,1446,930,James Wiseman,James Wiseman,6.0,6.0
970,1447,1115,Ulrich Chomche,Ulrich Chomche,0.71,0.7
971,1448,1100,Skal Labissière,Skal Labissiere,1.25,1.3
972,1449,957,Alondes Williams,Alondes Williams,5.0,5.0
973,1450,996,Ron Harper Jr.,Ron Harper Jr.,4.0,4.0
974,1451,1111,Harrison Ingram,Harrison Ingram,0.8,0.8
975,1452,1114,D.J. Carton,D.J. Carton,0.75,0.8
976,1454,1103,Braxton Key,Braxton Key,1.0,1.0
977,1456,1120,Tristen Newton,Tristen Newton,0.6,0.4
978,1458,1091,Quincy Olivari,Quincy Olivari,1.5,1.5
979,1459,1104,Yuri Collins,Yuri Collins,1.0,1.0
980,1460,1122,Malevy Leons,Malevy Leons,0.33,0.3
981,1461,1121,Daishen Nix,Daishen Nix,0.33,0.3
982,1471,1124,Shai Gilgeous-Alexander,Shai Gilgeous-Alexander,31.8,31.8
983,1472,1128,Tyrese Maxey,Tyrese Maxey,28.82,28.8
984,1473,1127,Donovan Mitchell,Donovan Mitchell,28.9,28.9
985,1474,1126,Jaylen Brown,Jaylen Brown,29.47,29.5
986,1475,1123,Luka Dončić,Luka Doncic,32.83,32.8
987,1476,1125,Anthony Edwards,Anthony Edwards,29.79,29.8
988,1477,1132,Jalen Brunson,Jalen Brunson,27.06,27.1
989,1478,1133,Jamal Murray,Jamal Murray,25.96,26.0
990,1479,1134,Kevin Durant,Kevin Durant,25.92,25.9
991,1480,1146,Julius Randle,Julius Randle,22.17,22.2
992,1481,1142,Pascal Siakam,Pascal Siakam,23.73,23.7
993,1482,1143,Jalen Johnson,Jalen Johnson,23.37,23.4
994,1483,1141,Keyonte George,Keyonte George,23.77,23.8
995,1485,1136,James Harden,James Harden,25.41,25.4
996,1487,1138,Cade Cunningham,Cade Cunningham,25.11,25.1
997,1488,1147,Brandon Ingram,Brandon Ingram,22.16,22.2
998,1489,1135,Deni Avdija,Deni Avdija,25.48,25.5
999,1490,1145,Trey Murphy III,Trey Murphy III,22.18,22.2
1000,1491,1385,Nikola Jokić,Nikola Jokic,28.95,28.9
1001,1492,1137,Devin Booker,Devin Booker,25.33,25.3
1002,1493,1130,Stephen Curry,Stephen Curry,27.21,27.2
1003,1494,1131,Lauri Markkanen,Lauri Markkanen,27.13,27.1
1004,1495,1154,Nickeil Alexander-Walker,Nickeil Alexander-Walker,20.21,20.2
1005,1496,1129,Kawhi Leonard,Kawhi Leonard,27.66,27.7
1006,1497,1139,Michael Porter Jr.,Michael Porter Jr.,25.0,25.0
1007,1498,1150,Shaedon Sharpe,Shaedon Sharpe,21.35,21.4
1008,1499,1164,DeMar DeRozan,DeMar DeRozan,18.87,18.9
1009,1500,1144,Norman Powell,Norman Powell,23.02,23.0
1010,1501,1160,Scottie Barnes,Scottie Barnes,19.25,19.3
1011,1502,1151,Dillon Brooks,Dillon Brooks,21.13,21.1
1012,1503,1158,Desmond Bane,Desmond Bane,19.29,19.3
1013,1504,1163,Kon Knueppel,Kon Knueppel,18.9,18.9
1014,1505,1153,Cooper Flagg,Cooper Flagg,20.25,20.3
1015,1506,1166,Miles Bridges,Miles Bridges,18.4,18.4
1016,1507,1156,Karl-Anthony Towns,Karl-Anthony Towns,19.92,19.9
1017,1508,1152,Alperen Şengün,Alperen Sengun,20.77,20.8
1018,1509,1140,Victor Wembanyama,Victor Wembanyama,23.95,23.9
1019,1513,1169,Amen Thompson,Amen Thompson,17.78,17.8
1020,1514,1148,Paolo Banchero,Paolo Banchero,21.66,21.7
1021,1516,1159,Jaren Jackson Jr.,Jaren Jackson Jr.,19.2,19.3
1022,1518,1175,Payton Pritchard,Payton Pritchard,17.27,17.3
1023,1519,1173,Derrick White,Derrick White,17.36,17.4
1024,1520,1177,Immanuel Quickley,Immanuel Quickley,17.08,17.1
1025,1521,1178,Ryan Rollins,Ryan Rollins,16.92,16.9
1026,1522,1386,Giannis Antetokounmpo,Giannis Antetokounmpo,27.97,28.0
1027,1523,1157,De'Aaron Fox,De'Aaron Fox,19.51,19.5
1028,1525,1162,LaMelo Ball,LaMelo Ball,19.14,19.1
1029,1526,1149,Zion Williamson,Zion Williamson,21.61,21.6
1030,1528,1179,Nikola Vučević,Nikola Vucevic,16.88,16.8
1031,1530,1185,Mikal Bridges,Mikal Bridges,15.73,15.7
1032,1531,1167,Bam Adebayo,Bam Adebayo,18.07,18.1
1033,1532,1183,Anthony Black,Anthony Black,15.94,15.9
1034,1533,1171,Chet Holmgren,Chet Holmgren,17.67,17.7
1035,1534,1190,Matas Buzelis,Matas Buzelis,15.11,15.1
1036,1535,1180,Saddiq Bey,Saddiq Bey,16.7,16.7
1037,1536,1182,Onyeka Okongwu,Onyeka Okongwu,16.25,16.3
1038,1537,1187,Russell Westbrook,Russell Westbrook,15.27,15.3
1039,1538,1191,Jaden McDaniels,Jaden McDaniels,15.06,15.1
1040,1539,1196,Naz Reid,Naz Reid,14.47,14.5
1041,1540,1170,Jalen Duren,Jalen Duren,17.72,17.7
1042,1541,1188,Jabari Smith Jr.,Jabari Smith Jr.,15.24,15.2
1043,1542,1155,Jimmy Butler,Jimmy Butler III,20.0,20.0
1044,1543,1184,Andrew Wiggins,Andrew Wiggins,15.83,15.8
1045,1544,1168,Evan Mobley,Evan Mobley,17.9,17.9
1046,1545,1161,Zach LaVine,Zach LaVine,19.18,19.2
1047,1546,1195,Naji Marshall,Naji Marshall,14.67,14.7
1048,1547,1387,LeBron James,LeBron James,21.79,21.8
1049,1548,1186,Jaime Jaquez Jr.,Jaime Jaquez Jr.,15.44,15.4
1050,1549,1194,Peyton Watson,Peyton Watson,14.92,14.9
1051,1551,1199,Anfernee Simons,Anfernee Simons,14.16,14.3
1052,1553,1204,Tim Hardaway Jr.,Tim Hardaway Jr.,14.04,14.0
1053,1554,1388,Brandon Miller,Brandon Miller,20.25,20.3
1054,1555,1193,VJ Edgecombe,VJ Edgecombe,14.98,15.0
1055,1556,1176,Stephon Castle,Stephon Castle,17.1,17.1
1056,1557,1172,Andrew Nembhard,Andrew Nembhard,17.44,17.4
1057,1558,1216,Jeremiah Fears,Jeremiah Fears,13.11,13.1
1058,1559,1209,Collin Gillespie,Collin Gillespie,13.6,13.6
1059,1560,1389,Jerami Grant,Jerami Grant,19.11,19.1
1060,1561,1215,Donte DiVincenzo,Donte DiVincenzo,13.25,13.2
1061,1562,1211,Keldon Johnson,Keldon Johnson,13.5,13.5
1062,1563,1174,Alex Sarr,Alex Sarr,17.3,17.3
1063,1564,1220,Toumani Camara,Toumani Camara,12.85,12.8
1064,1565,1181,OG Anunoby,OG Anunoby,16.56,16.6
1065,1567,1192,Ayo Dosunmu,Ayo Dosunmu,15.04,15.0
1066,1568,1206,Jaylon Tyson,Jaylon Tyson,13.96,14.0
1067,1569,1207,John Collins,John Collins,13.79,13.8
1068,1570,1228,Derik Queen,Derik Queen,12.3,12.3
1069,1571,1213,Bobby Portis,Bobby Portis,13.38,13.4
1070,1572,1214,Max Christie,Max Christie,13.31,13.3
1071,1573,1225,Reed Sheppard,Reed Sheppard,12.51,12.5
1072,1574,1210,Cedric Coward,Cedric Coward,13.55,13.6
1073,1575,1390,Josh Giddey,Josh Giddey,18.56,18.6
1074,1576,1238,Brandin Podziemski,Brandin Podziemski,11.87,11.9
1075,1577,1189,Kyshawn George,Kyshawn George,15.12,15.1
1076,1578,1197,Ivica Zubac,Ivica Zubac,14.4,14.4
1077,1579,1219,Myles Turner,Myles Turner,12.88,12.9
1078,1581,1208,De'Andre Hunter,De'Andre Hunter,13.95,13.7
1079,1583,1217,Kyle Kuzma,Kyle Kuzma,13.04,13.0
1080,1585,1201,Collin Sexton,Collin Sexton,14.19,14.3
1081,1587,1223,Quentin Grimes,Quentin Grimes,12.69,12.7
1082,1588,1202,Ajay Mitchell,Ajay Mitchell,14.09,14.1
1083,1589,1232,Brice Sensabaugh,Brice Sensabaugh,12.08,12.1
1084,1590,1212,Deandre Ayton,Deandre Ayton,13.4,13.4
1085,1591,1205,Santi Aldama,Santi Aldama,14.0,14.0
1086,1592,1235,Jaylen Wells,Jaylen Wells,12.04,12.0
1087,1593,1230,Nic Claxton,Nic Claxton,12.2,12.2
1088,1594,1391,Grayson Allen,Grayson Allen,17.03,17.0
1089,1595,1231,Duncan Robinson,Duncan Robinson,12.12,12.1
1090,1596,1242,Julian Champagnie,Julian Champagnie,11.4,11.4
1091,1597,1243,Dyson Daniels,Dyson Daniels,11.4,11.4
1092,1598,1221,Noah Clowney,Noah Clowney,12.78,12.8
1093,1599,1236,Cam Spencer,Cam Spencer,12.0,12.0
1094,1600,1229,Mark Williams,Mark Williams,12.23,12.2
1095,1601,1200,Jarrett Allen,Jarrett Allen,14.27,14.3
1096,1602,1237,Wendell Carter Jr.,Wendell Carter Jr.,11.88,11.9
1097,1603,1245,Sandro Mamukelashvili,Sandro Mamukelashvili,11.37,11.4
1098,1604,1246,Moses Moody,Moses Moody,11.35,11.4
1099,1606,1198,Devin Vassell,Devin Vassell,14.38,14.4
1100,1607,1222,Brandon Williams,Brandon Williams,12.73,12.7
1101,1608,1244,Donovan Clingan,Donovan Clingan,11.39,11.4
1102,1609,1239,Klay Thompson,Klay Thompson,11.62,11.6
1103,1610,1255,Harrison Barnes,Harrison Barnes,10.6,10.6
1104,1611,1252,Rudy Gobert,Rudy Gobert,10.75,10.7
1105,1612,1248,Kel'el Ware,Kel'el Ware,11.14,11.1
1106,1613,1259,Royce O'Neale,Royce O'Neale,10.28,10.3
1107,1616,1241,Jock Landale,Jock Landale,11.31,11.5
1108,1619,1226,Malik Monk,Malik Monk,12.4,12.4
1109,1620,1262,Jarace Walker,Jarace Walker,10.23,10.2
1110,1621,1240,Ace Bailey,Ace Bailey,11.5,11.5
1111,1623,1224,Dennis Schröder,Dennis Schroder,12.75,12.6
1112,1625,1203,P.J. Washington,P.J. Washington,14.05,14.1
1113,1626,1266,Bub Carrington,Bub Carrington,10.14,10.1
1114,1627,1218,Tre Johnson,Tre Johnson,12.95,12.9
1115,1628,1271,Kyle Filipowski,Kyle Filipowski,9.6,9.6
1116,1630,1247,Caleb Love,Caleb Love,11.27,11.3
1117,1631,1234,Rui Hachimura,Rui Hachimura,12.07,12.1
1118,1632,1258,Ausar Thompson,Ausar Thompson,10.45,10.4
1119,1634,1256,Kevin Huerter,Kevin Huerter,10.89,10.6
1120,1636,1268,Neemias Queta,Neemias Queta,9.9,9.9
1121,1637,1257,A.J. Green,AJ Green,10.52,10.5
1122,1638,1253,Egor Dёmin,Egor Demin,10.73,10.7
1123,1639,1233,Josh Hart,Josh Hart,12.07,12.1
1124,1640,1265,Isaiah Stewart,Isaiah Stewart,10.15,10.1
1125,1641,1275,Jake LaRavia,Jake LaRavia,9.33,9.3
1126,1642,1393,Tobias Harris,Tobias Harris,13.54,13.5
1127,1643,1227,Tre Jones,Tre Jones,12.37,12.4
1128,1645,1261,Pelle Larsson,Pelle Larsson,10.24,10.2
1129,1646,1263,Isaiah Collier,Isaiah Collier,10.2,10.2
1130,1647,1274,Jordan Clarkson,Jordan Clarkson,9.44,9.4
1131,1648,1278,Sam Hauser,Sam Hauser,9.02,9.0
1132,1649,1394,Miles McBride,Miles McBride,12.89,12.9
1133,1650,1269,Maxime Raynaud,Maxime Raynaud,9.65,9.7
1134,1651,1392,Jalen Suggs,Jalen Suggs,14.23,14.2
1135,1652,1287,Jay Huff,Jay Huff,8.46,8.5
1136,1654,1279,Vit Krejci,Vit Krejci,9.0,9.0
1137,1656,1254,Dylan Harper,Dylan Harper,10.71,10.7
1138,1657,1267,Isaiah Joe,Isaiah Joe,9.95,10.0
1139,1658,1264,Jalen Smith,Jalen Smith,10.16,10.2
1140,1659,1283,Jordan Goodwin,Jordan Goodwin,8.7,8.7
1141,1660,1251,Zaccharie Risacher,Zaccharie Risacher,10.88,10.9
1142,1662,1249,Jusuf Nurkić,Jusuf Nurkic,11.0,11.0
1143,1664,1285,Simone Fontecchio,Simone Fontecchio,8.52,8.5
1144,1667,1250,Aaron Wiggins,Aaron Wiggins,10.95,10.9
1145,1668,1289,Moussa Diabaté,Moussa Diabate,8.39,8.4
1146,1669,1305,Quinten Post,Quinten Post,7.74,7.7
1147,1670,1291,Day'Ron Sharpe,Day'Ron Sharpe,8.35,8.3
1148,1671,1294,Cason Wallace,Cason Wallace,8.18,8.2
1149,1672,1292,Kentavious Caldwell-Pope,Kentavious Caldwell-Pope,8.33,8.3
1150,1676,1270,Marcus Smart,Marcus Smart,9.64,9.6
1151,1678,1282,Tristan Da Silva,Tristan da Silva,8.76,8.8
1152,1679,1307,Bruce Brown,Bruce Brown,7.58,7.6
1153,1681,1260,Marvin Bagley III,Marvin Bagley III,10.13,10.3
1154,1683,1304,Kris Dunn,Kris Dunn,7.84,7.8
1155,1685,1281,Isaac Okoro,Isaac Okoro,8.84,8.8
1156,1686,1280,Svi Mykhailiuk,Svi Mykhailiuk,8.91,8.9
1157,1687,1276,Davion Mitchell,Davion Mitchell,9.07,9.1
1158,1688,1286,Gary Trent Jr.,Gary Trent Jr.,8.48,8.5
1159,1693,1301,Luke Kennard,Luke Kennard,7.91,8.0
1160,1695,1277,Jonas Valančiūnas,Jonas Valanciunas,9.05,9.0
1161,1696,1316,Jamal Shead,Jamal Shead,6.96,7.0
1162,1697,1293,Draymond Green,Draymond Green,8.32,8.3
1163,1698,1284,Luguentz Dort,Luguentz Dort,8.69,8.7
1164,1699,1308,Justin Champagnie,Justin Champagnie,7.58,7.6
1165,1700,1313,Javonte Green,Javonte Green,7.14,7.1
1166,1701,1272,T.J. McConnell,T.J. McConnell,9.47,9.5
1167,1704,1288,Dominick Barlow,Dominick Barlow,8.43,8.4
1168,1705,1298,Buddy Hield,Buddy Hield,8.05,8.0
1169,1706,1395,Khris Middleton,Khris Middleton,10.32,10.3
1170,1707,1300,Luka Garza,Luka Garza,7.98,8.0
1171,1708,1295,Daniss Jenkins,Daniss Jenkins,8.17,8.2
1172,1709,1290,Ryan Kalkbrenner,Ryan Kalkbrenner,8.37,8.4
1173,1710,1328,Gradey Dick,Gradey Dick,6.45,6.5
1174,1712,1273,Ziaire Williams,Ziaire Williams,9.44,9.4
1175,1713,1299,Collin Murray-Boyles,Collin Murray-Boyles,8.02,8.0
1176,1714,1306,Terance Mann,Terance Mann,7.59,7.6
1177,1715,1319,Patrick Williams,Patrick Williams,6.82,6.8
1178,1716,1312,Precious Achiuwa,Precious Achiuwa,7.15,7.2
1179,1717,1331,Dru Smith,Dru Smith,6.31,6.3
1180,1718,1327,Nique Clifford,Nique Clifford,6.52,6.5
1181,1719,1302,Nikola Jović,Nikola Jovic,7.95,8.0
1182,1721,1318,Walter Clayton,Walter Clayton Jr.,6.8,6.9
1183,1723,1303,Jose Alvarado,Jose Alvarado,7.9,7.9
1184,1727,1321,Will Richard,Will Richard,6.67,6.7
1185,1728,1311,Bones Hyland,Bones Hyland,7.2,7.2
1186,1729,1324,Sidy Cissoko,Sidy Cissoko,6.58,6.6
1187,1730,1309,Luke Kornet,Luke Kornet,7.45,7.5
1188,1731,1396,Bilal Coulibaly,Bilal Coulibaly,9.74,9.7
1189,1732,1314,Kobe Sanders,Kobe Sanders,7.02,7.0
1190,1735,1342,Sion James,Sion James,5.66,5.7
1191,1737,1315,Will Riley,Will Riley,6.98,7.0
1192,1738,1297,Danny Wolf,Danny Wolf,8.11,8.1
1193,1739,1400,Daniel Gafford,Daniel Gafford,8.31,8.3
1194,1740,1322,Brook Lopez,Brook Lopez,6.66,6.7
1195,1742,1399,Jaden Ivey,Jaden Ivey,8.18,8.4
1196,1745,1346,Oso Ighodaro,Oso Ighodaro,5.42,5.4
1197,1749,1336,Ryan Dunn,Ryan Dunn,5.98,6.0
1198,1750,1326,Nae'Qwan Tomlin,Nae'Qwan Tomlin,6.55,6.5
1199,1751,1337,Spencer Jones,Spencer Jones,5.96,6.0
1200,1752,1348,Josh Okogie,Josh Okogie,5.33,5.3
1201,1754,1402,Vince Williams Jr.,Vince Williams Jr.,8.0,7.8
1202,1756,1332,Ja'Kobe Walter,Ja'Kobe Walter,6.3,6.3
1203,1757,1310,Tyrese Martin,Tyrese Martin,7.3,7.3
1204,1758,1329,Jaxson Hayes,Jaxson Hayes,6.4,6.4
1205,1759,1398,GG Jackson II,GG Jackson,8.68,8.7
1206,1760,1401,Caris LeVert,Caris LeVert,7.79,7.8
1207,1762,1317,Andre Drummond,Andre Drummond,6.92,6.9
1208,1764,1344,Yves Missi,Yves Missi,5.57,5.6
1209,1765,1323,Ryan Nembhard,Ryan Nembhard,6.66,6.7
1210,1766,1333,Ben Sheppard,Ben Sheppard,6.17,6.2
1211,1767,1345,Jordan Walsh,Jordan Walsh,5.5,5.5
1212,1769,1343,Keon Ellis,Keon Ellis,5.56,5.6
1213,1772,1325,Jared McCain,Jared McCain,6.62,6.6
1214,1774,1340,Dean Wade,Dean Wade,5.77,5.8
1215,1775,1338,Goga Bitadze,Goga Bitadze,5.86,5.9
1216,1776,1357,Mouhamed Gueye,Mouhamed Gueye,4.82,4.8
1217,1777,1350,Gary Payton II,Gary Payton II,5.12,5.1
1218,1778,1330,Isaiah Jackson,Isaiah Jackson,6.39,6.4
1219,1781,1335,Drake Powell,Drake Powell,6.03,6.0
1220,1782,1403,Al Horford,Al Horford,7.38,7.4
1221,1783,1404,Tristan Vukcevic,Tristan Vukcevic,7.34,7.3
1222,1784,1320,Cole Anthony,Cole Anthony,6.69,6.7
1223,1785,1407,Jaden Hardy,Jaden Hardy,6.85,6.9
1224,1786,1405,Tre Mann,Tre Mann,7.28,7.3
1225,1788,1408,Robert Williams,Robert Williams III,6.44,6.4
1226,1789,1334,Jaylin Williams,Jaylin Williams,6.05,6.1
1227,1790,1355,Craig Porter Jr.,Craig Porter Jr.,4.85,4.9
1228,1791,1339,Cody Williams,Cody Williams,5.85,5.8
1229,1792,1347,Gui Santos,Gui Santos,5.4,5.4
1230,1793,1406,Kenrich Williams,Kenrich Williams,6.88,6.9
1231,1794,1352,Tyler Kolek,Tyler Kolek,5.0,5.0
1232,1795,1363,Nicolas Batum,Nicolas Batum,4.42,4.4
1233,1796,1411,Pat Spencer,Pat Spencer,5.97,6.0
1234,1797,1351,Jarred Vanderbilt,Jarred Vanderbilt,5.12,5.1
1235,1798,1409,Alex Caruso,Alex Caruso,6.12,6.1
1236,1799,1410,Kris Murray,Kris Murray,6.09,6.1
1237,1800,1415,Jalen Pickett,Jalen Pickett,5.57,5.6
1238,1801,1341,Paul Reed,Paul Reed,5.72,5.7
1239,1803,1414,Aaron Holiday,Aaron Holiday,5.71,5.7
1240,1804,1361,Micah Peavy,Micah Peavy,4.44,4.4
1241,1808,1417,Asa Newell,Asa Newell,5.32,5.3
1242,1810,1362,Mike Conley,Mike Conley,4.43,4.4
1243,1811,1358,Karlo Matković,Karlo Matkovic,4.73,4.7
1244,1812,1418,Thomas Bryant,Thomas Bryant,5.22,5.2
1245,1815,1413,Josh Minott,Josh Minott,5.82,5.8
1246,1816,1349,Jase Richardson,Jase Richardson,5.14,5.1
1247,1817,1371,Jaylen Clark,Jaylen Clark,3.76,3.8
1248,1819,1354,Tyrese Proctor,Tyrese Proctor,4.95,4.9
1249,1820,1412,Steven Adams,Steven Adams,5.84,5.8
1250,1821,1360,Dalton Knecht,Dalton Knecht,4.56,4.6
1251,1822,1368,Hugo González,Hugo Gonzalez,3.89,3.9
1252,1823,1364,Ochai Agbaji,Ochai Agbaji,4.31,4.3
1253,1826,1416,Jalen Wilson,Jalen Wilson,5.48,5.5
1254,1827,1353,Noah Penda,Noah Penda,4.97,5.0
1255,1828,1356,Mitchell Robinson,Mitchell Robinson,4.84,4.8
1256,1829,1359,Justin Edwards,Justin Edwards,4.56,4.6
1257,1830,1419,Johnny Furphy,Johnny Furphy,5.18,5.2
1258,1831,1366,Adem Bona,Adem Bona,4.07,4.1
1259,1833,1420,Taylor Hendricks,Taylor Hendricks,4.94,5.0
1260,1837,1370,Clint Capela,Clint Capela,3.78,3.8
1261,1838,1374,Baylor Scheierman,Baylor Scheierman,3.55,3.6
1262,1839,1421,Branden Carlson,Branden Carlson,4.88,4.9
1263,1840,1372,Jabari Walker,Jabari Walker,3.67,3.7
1264,1841,1365,Zeke Nnaji,Zeke Nnaji,4.21,4.2
1265,1842,1423,Lonzo Ball,Lonzo Ball,4.57,4.6
1266,1844,1375,Caleb Martin,Caleb Martin,3.47,3.5
1267,1846,1422,Jett Howard,Jett Howard,4.81,4.8
1268,1847,1369,Keaton Wallace,Keaton Wallace,3.85,3.9
1269,1851,1367,Tony Bradley,Tony Bradley,3.97,4.0
1270,1853,1424,Jordan Hawkins,Jordan Hawkins,4.29,4.3
1271,1854,1425,Trayce Jackson-Davis,Trayce Jackson-Davis,4.17,4.2
1272,1856,1378,Tyus Jones,Tyus Jones,3.0,3.0
1273,1861,1376,Guerschon Yabusele,Guerschon Yabusele,2.73,3.2
1274,1866,1381,Rayan Rupert,Rayan Rupert,2.89,2.9
1275,1868,1426,Rob Dillingham,Rob Dillingham,3.46,3.6
1276,1872,1373,Cam Christie,Cam Christie,3.56,3.6
1277,1874,1379,Carter Bryant,Carter Bryant,2.98,3.0
1278,1875,1429,Jamison Battle,Jamison Battle,3.24,3.2
1279,1876,1382,Jonathan Isaac,Jonathan Isaac,2.77,2.8
1280,1877,1427,Dalen Terry,Dalen Terry,3.47,3.5
1281,1880,1377,Jericho Sims,Jericho Sims,3.14,3.1
1282,1881,1380,Dwight Powell,Dwight Powell,2.95,2.9
1283,1885,1428,Yanic Konan Niederhäuser,Yanic Konan Niederhauser,3.45,3.5
1284,1893,1430,Kobe Brown,Kobe Brown,2.94,2.9
1285,1897,1432,Julian Phillips,Julian Phillips,2.83,2.8
1286,1904,1384,Mohamed Diawara,Mohamed Diawara,2.29,2.3
1287,1906,1383,Gary Harris,Gary Harris,2.61,2.6
1288,1907,1431,Duop Reath,Duop Reath,2.94,2.9
1289,1914,1433,Jae'Sean Tate,Jae'Sean Tate,2.61,2.6
1290,1920,1435,Ariel Hukporti,Ariel Hukporti,1.97,2.0
1291,1933,1434,Chris Youngblood,Chris Youngblood,2.03,2.0
